CustomerID,Recency,Frequency,Monetary,Cluster
12346,325,1,0,3
12347,1,103,2458,0
12348,74,22,2341,2
12349,18,73,631,0
12350,309,17,197,3
12352,35,59,470,0
12353,203,4,20,1
12354,231,58,530,1
12355,213,13,240,1
12356,22,53,1591,0
12357,32,131,2708,0
12358,1,13,248,0
12359,7,214,1599,0
12360,51,105,1165,2
12361,286,10,91,3
12362,2,201,2212,0
12363,109,23,408,2
12364,7,70,1506,0
12365,290,22,173,3
12367,3,11,173,0
12370,50,143,2352,0
12371,44,63,591,0
12372,71,34,794,2
12373,310,14,197,3
12374,24,33,342,0
12375,2,14,177,0
12377,314,72,944,3
12378,129,219,2529,2
12379,81,39,406,2
12380,21,77,1126,0
12381,4,70,783,0
12383,184,84,1529,1
12384,28,26,121,0
12386,337,10,354,3
12388,15,57,1462,0
12390,79,32,353,2
12391,21,92,293,0
12393,71,47,816,2
12394,63,26,819,2
12395,15,91,2113,0
12397,35,110,1263,0
12398,45,85,1394,0
12399,118,47,1178,2
12401,302,5,11,3
12402,322,11,94,3
12403,49,5,95,2
12405,148,54,857,1
12406,21,92,1809,0
12407,49,57,1416,2
12408,32,81,1399,0
12409,78,91,5543,2
12410,300,26,209,3
12412,74,43,829,2
12413,66,29,282,2
12414,216,16,300,1
12415,23,444,77242,0
12417,2,158,1539,0
12418,112,34,407,2
12420,63,29,345,2
12421,15,33,483,0
12422,95,39,370,2
12423,0,97,1327,0
12424,162,30,740,1
12425,77,36,496,2
12426,194,30,258,1
12427,11,26,236,0
12428,25,258,3503,0
12429,8,82,1557,0
12430,42,11,117,0
12431,35,163,2858,0
12432,42,107,1801,0
12433,0,219,11071,0
12434,84,49,373,2
12435,79,31,2055,2
12436,99,16,211,2
12437,1,119,2918,0
12438,13,84,1180,0
12441,366,11,121,3
12442,2,12,182,0
12444,20,138,1155,0
12445,21,4,62,0
12446,57,58,352,2
12447,242,26,190,1
12448,43,22,243,0
12449,21,118,1553,0
12450,155,7,128,1
12451,10,265,6455,0
12452,16,21,183,0
12453,133,43,473,2
12454,52,15,0,2
12455,72,85,2089,2
12456,43,105,1616,0
12457,57,53,695,2
12458,70,35,506,2
12461,93,35,287,2
12462,1,51,514,0
12463,45,66,757,0
12464,9,6,112,0
12465,7,46,475,0
12468,142,36,364,1
12471,1,152,7953,0
12472,30,226,4020,0
12473,28,140,2338,0
12474,16,253,4750,0
12475,53,36,535,2
12476,0,177,2337,0
12477,22,192,3620,0
12478,3,36,236,0
12479,3,31,351,0
12480,27,129,1707,0
12481,22,150,3280,0
12483,16,46,1097,0
12484,32,256,2181,0
12488,9,46,529,0
12489,335,15,105,3
12490,4,131,3064,0
12491,38,25,260,0
12492,62,19,192,2
12493,165,20,206,1
12494,9,63,690,0
12497,81,14,1236,2
12498,20,21,159,0
12500,22,34,2671,0
12501,314,149,1722,3
12502,95,102,820,2
12503,337,1,-1,3
12504,17,6,51,0
12505,300,1,-1,3
12506,232,23,23,1
12507,133,19,894,2
12508,25,57,271,0
12509,283,7,55,3
12510,142,29,353,1
12512,65,31,96,2
12513,84,35,456,2
12514,266,51,440,3
12515,352,16,131,3
12516,77,20,875,2
12517,27,232,1338,0
12518,0,84,1318,0
12519,63,17,175,2
12520,78,121,1430,2
12521,142,38,309,1
12522,38,11,194,0
12523,1,84,861,0
12524,8,113,3699,0
12526,0,64,632,0
12527,81,18,234,2
12528,8,50,750,0
12530,59,51,900,2
12531,14,17,45,0
12532,29,16,153,0
12534,130,63,651,2
12535,91,28,219,2
12536,7,260,2652,0
12538,28,21,191,0
12539,21,158,2066,0
12540,19,278,6677,0
12541,29,46,680,0
12544,29,19,132,0
12545,74,42,523,2
12546,46,59,617,0
12547,197,7,134,1
12548,165,5,49,1
12550,78,57,569,2
12551,357,10,100,3
12552,38,20,88,0
12553,7,95,1924,0
12556,49,100,355,0
12557,15,15,4384,0
12558,1,11,0,0
12559,310,21,281,3
12560,4,92,1078,0
12561,302,16,177,3
12562,7,99,1779,0
12564,260,21,133,3
12565,281,9,75,3
12566,72,19,264,2
12567,22,323,4089,0
12569,1,92,1793,0
12571,39,31,523,0
12572,8,53,450,0
12573,226,26,84,1
12574,315,11,61,3
12576,35,72,964,0
12577,34,137,463,0
12578,20,112,1171,0
12579,72,29,278,2
12580,246,24,238,1
12581,39,15,161,0
12582,238,21,300,1
12583,2,115,5009,0
12584,3,44,354,0
12585,233,77,1258,1
12586,16,12,77,0
12587,7,4,51,0
12588,38,10,53,0
12589,28,29,306,0
12590,189,68,4279,1
12591,316,26,228,3
12592,91,11,290,2
12593,108,14,206,2
12594,37,50,1776,0
12596,50,25,474,2
12597,18,184,2187,0
12598,9,84,1940,0
12599,28,32,956,0
12600,28,32,773,0
12601,189,21,244,1
12602,58,12,162,2
12603,21,3,64,0
12604,78,15,201,2
12605,364,3,-4,3
12607,57,101,0,2
12609,77,57,648,2
12610,22,85,1028,0
12611,51,65,846,2
12612,57,19,251,2
12613,30,124,1596,0
12614,277,20,76,3
12615,1,82,1376,0
12616,84,25,273,2
12617,28,39,210,0
12618,21,11,96,0
12619,15,50,3354,0
12620,14,89,1181,0
12621,1,261,7404,0
12622,231,11,69,1
12623,275,18,191,3
12624,105,36,355,2
12625,211,74,1577,1
12626,22,232,3350,0
12627,10,162,2752,0
12628,3,34,445,0
12630,9,60,548,0
12631,56,31,236,2
12633,58,73,1149,2
12635,89,96,1172,2
12637,66,205,2982,2
12638,32,39,577,0
12639,238,22,201,1
12640,23,47,311,0
12641,114,10,72,2
12642,24,39,552,0
12643,127,11,1808,2
12644,129,31,325,2
12645,33,58,1072,0
12646,4,43,897,0
12647,21,79,1420,0
12648,154,21,160,1
12649,106,30,574,2
12650,2,20,254,0
12651,334,9,78,3
12652,321,48,502,3
12653,148,37,919,1
12654,10,31,264,0
12656,16,89,1708,0
12657,10,35,654,0
12658,18,36,320,0
12659,29,5,105,0
12660,10,13,127,0
12662,0,129,2040,0
12664,7,10,1202,0
12665,324,3,36,3
12666,358,2,-56,3
12667,57,33,395,2
12668,6,115,1595,0
12669,150,98,1114,1
12670,9,58,1391,0
12672,329,10,78,3
12673,4,42,351,0
12674,11,52,1103,0
12676,24,33,670,0
12678,41,105,10899,0
12679,51,45,530,2
12680,0,33,443,0
12681,14,267,7518,0
12682,3,209,5555,0
12683,3,177,4903,0
12684,7,61,1985,0
12685,27,117,1523,0
12686,371,7,107,3
12688,113,171,3028,2
12689,25,57,628,0
12690,205,16,106,1
12691,27,21,394,0
12693,120,35,250,2
12694,69,32,509,2
12695,6,23,220,0
12697,20,37,499,0
12700,7,193,2963,0
12701,79,50,678,2
12702,19,12,53,0
12703,63,21,161,2
12704,6,64,1003,0
12705,14,228,3973,0
12707,291,33,256,3
12708,29,86,1270,0
12709,2,103,3808,0
12710,96,75,849,2
12712,22,59,1044,0
12713,0,38,508,0
12714,8,216,3069,0
12715,105,20,192,2
12716,3,60,708,0
12717,150,49,505,1
12718,70,19,203,2
12719,4,34,361,0
12720,2,211,4654,0
12721,31,134,1954,0
12722,84,50,560,2
12723,3,53,434,0
12724,4,47,445,0
12725,370,24,164,3
12726,27,57,3143,0
12727,10,109,2085,0
12728,70,38,419,2
12729,113,26,233,2
12731,23,109,8366,0
12732,179,12,111,1
12733,233,22,137,1
12734,352,4,88,3
12735,314,38,368,3
12736,332,4,173,3
12738,371,11,148,3
12739,77,38,486,2
12740,63,27,342,2
12743,133,114,315,2
12744,51,178,5234,0
12747,1,42,1275,0
12748,0,1769,23750,0
12749,3,160,1422,0
12750,128,15,137,2
12752,80,53,2262,2
12753,3,132,11250,0
12754,235,50,6479,1
12755,249,5,866,1
12756,86,4,144,2
12757,15,237,2378,0
12758,116,84,2135,2
12759,51,81,902,2
12762,7,62,1227,0
12763,137,16,316,1
12764,316,45,386,3
12766,3,205,3646,0
12769,238,32,356,1
12770,210,12,743,1
12772,59,55,556,2
12775,16,47,853,0
12778,19,40,824,0
12779,20,88,1996,0
12781,20,25,592,0
12782,4,81,1070,0
12783,1,76,622,0
12784,8,54,280,0
12785,2,14,128,0
12787,9,17,261,0
12789,64,4,4,2
12790,191,21,166,1
12791,373,2,97,3
12792,256,25,217,3
12793,334,21,295,3
12794,52,43,592,2
12795,18,14,68,0
12797,359,13,79,3
12798,9,6,5256,0
12802,183,25,302,1
12808,36,27,188,0
12809,167,25,219,1
12811,260,27,230,3
12812,44,15,164,0
12814,101,2,49,2
12815,147,38,379,1
12816,95,27,128,2
12817,280,4,53,3
12818,177,14,923,1
12820,2,55,722,0
12821,213,6,70,1
12822,70,41,548,2
12823,74,1,230,2
12824,59,25,232,2
12826,2,58,1054,0
12827,5,19,197,0
12828,2,46,494,0
12829,321,9,375,3
12830,37,14,9847,0
12831,261,9,135,3
12832,31,27,195,0
12833,144,24,156,1
12834,282,18,110,3
12836,58,148,1062,2
12837,172,12,24,1
12838,33,115,355,0
12839,2,96,3804,0
12840,143,67,1505,1
12841,4,230,2646,0
12842,69,34,547,2
12843,65,69,753,2
12844,28,47,125,0
12845,266,26,204,3
12847,21,72,873,0
12849,30,47,597,0
12851,96,43,106,2
12852,289,17,145,3
12853,107,66,782,2
12854,78,97,621,2
12855,372,3,30,3
12856,7,155,1073,0
12857,210,37,343,1
12863,51,5,186,2
12864,137,3,216,1
12865,25,87,877,0
12866,282,26,171,3
12867,25,241,4260,0
12868,185,72,928,1
12870,365,2,-2,3
12871,83,8,200,2
12872,326,58,319,3
12873,281,4,128,3
12875,142,1,2019,1
12876,57,67,1941,2
12877,3,100,1178,0
12878,17,38,536,0
12879,44,7,363,0
12881,275,7,21,3
12882,8,12,246,0
12883,24,39,196,0
12884,87,7,43,2
12885,62,66,654,2
12886,67,75,761,2
12888,213,4,68,1
12890,23,78,256,0
12891,185,2,950,1
12893,30,27,90,0
12895,41,22,204,0
12897,204,3,110,1
12901,8,32,20915,0
12902,264,10,66,3
12904,17,59,294,0
12906,11,55,1749,0
12908,58,2,0,2
12909,39,78,1270,0
12910,22,48,1692,0
12912,2,17,670,0
12913,4,37,1419,0
12915,148,19,93,1
12916,138,53,1075,1
12917,127,2,120,2
12919,7,34,668,0
12920,16,27,128,0
12921,3,233,9454,0
12922,160,28,370,1
12923,63,28,68,2
12924,87,22,480,2
12925,4,42,541,0
12928,34,59,1472,0
12929,121,8,36,2
12930,77,20,250,2
12931,21,29,23377,0
12933,23,103,498,0
12935,1,80,1852,0
12936,16,56,539,0
12937,14,81,1007,0
12938,25,9,140,0
12939,63,21,4876,2
12940,45,88,399,0
12942,130,68,198,2
12943,300,1,-1,3
12944,35,29,289,0
12945,287,23,165,3
12947,143,83,1157,1
12948,15,82,1077,0
12949,30,166,2363,0
12950,1,13,1380,0
12951,8,54,500,0
12952,5,64,652,0
12953,9,17,84,0
12955,0,81,3642,0
12956,305,19,34,3
12957,3,208,2531,0
12962,6,15,129,0
12963,7,76,873,0
12965,88,108,282,2
12966,9,10,75,0
12967,2,21,243,0
12968,111,5,73,2
12970,6,116,268,0
12971,3,95,9203,0
12974,197,8,24,1
12976,211,22,561,1
12977,155,9,12,1
12980,155,6,864,1
12981,29,12,242,0
12982,239,28,278,1
12984,18,4,26,0
12985,0,73,1413,0
12987,73,27,217,2
12988,291,75,126,3
12989,2,41,2915,0
12990,30,8,200,0
12991,22,31,405,0
12993,22,26,240,0
12994,3,52,440,0
12995,77,3,98,2
12997,21,45,648,0
12999,195,25,342,1
13000,106,30,379,2
13001,3,166,5482,0
13002,317,7,73,3
13003,105,4,103,2
13004,11,277,4796,0
13005,173,21,167,1
13006,55,4,55,2
13008,322,15,115,3
13011,371,3,13,3
13012,8,68,667,0
13013,0,155,2217,0
13014,2,67,886,0
13015,52,156,1609,2
13016,72,39,527,2
13017,6,1,48,0
13018,15,313,5434,0
13021,3,103,1336,0
13023,63,36,286,2
13026,0,34,1586,0
13027,113,6,17280,2
13028,22,40,796,0
13029,30,8,134,0
13030,10,76,348,0
13032,38,55,367,0
13033,356,11,83,3
13034,54,37,369,2
13035,57,23,627,2
13037,137,44,431,1
13038,79,24,360,2
13040,8,38,355,0
13043,253,13,251,3
13044,290,33,429,3
13045,98,18,221,2
13046,30,33,264,0
13047,31,106,1355,0
13048,13,77,1220,0
13049,63,14,268,2
13050,8,246,3707,0
13052,211,18,222,1
13055,63,74,891,2
13058,24,5,52,0
13059,249,8,35,1
13060,253,15,123,3
13061,71,10,107,2
13062,190,11,343,1
13064,12,51,514,0
13065,372,14,74,3
13066,23,48,320,0
13067,81,14,32,2
13068,9,1,200,0
13069,0,285,5454,0
13070,191,9,110,1
13072,266,7,69,3
13075,129,22,485,2
13077,0,99,862,0
13078,0,96,5557,0
13079,3,2,62,0
13080,178,6,120,1
13081,0,511,19021,0
13082,125,63,4313,2
13083,3,15,187,0
13085,157,17,108,1
13089,2,636,30742,0
13090,8,98,2194,0
13091,20,21,450,0
13092,70,19,271,2
13093,266,99,3943,3
13094,20,4,1542,0
13095,70,6,144,2
13097,32,215,2338,0
13098,0,163,15911,0
13099,98,1,288,2
13101,233,8,113,1
13102,0,141,4160,0
13103,39,8,82,0
13104,2,14,504,0
13106,128,1,14,2
13107,43,54,1288,0
13108,372,10,298,3
13109,2,41,514,0
13110,30,109,384,0
13113,0,113,2594,0
13115,8,92,1534,0
13116,116,30,290,2
13117,21,66,945,0
13118,19,68,389,0
13120,238,1,12,1
13121,268,50,227,3
13122,93,54,585,2
13124,89,185,2119,2
13126,4,124,2130,0
13127,77,15,127,2
13130,93,2,32,2
13131,22,30,443,0
13132,261,3,20,3
13133,273,7,32,3
13134,72,94,1044,2
13135,196,1,4300,1
13136,49,97,1312,0
13137,10,346,2203,0
13138,21,31,473,0
13139,15,132,2418,0
13140,107,40,185,2
13141,84,113,1547,2
13142,18,23,258,0
13144,332,3,21,3
13145,39,5,142,0
13146,25,16,154,0
13147,9,1,144,0
13148,28,238,1818,0
13149,13,76,1280,0
13151,202,73,361,1
13153,5,15,418,0
13154,143,1,-1,1
13155,32,67,497,0
13157,48,69,1430,0
13158,94,59,784,2
13159,8,114,1044,0
13160,21,4,56,0
13161,312,8,29,3
13162,121,74,1663,2
13165,45,40,1376,0
13166,281,39,214,3
13167,18,51,785,0
13168,35,102,668,0
13169,63,11,272,2
13170,26,29,141,0
13171,7,37,227,0
13173,3,41,277,0
13174,15,228,1352,0
13176,45,66,448,0
13177,64,17,91,2
13178,25,95,3570,0
13182,44,11,201,0
13183,7,51,2208,0
13184,14,138,1632,0
13185,267,1,12,3
13186,39,69,804,0
13187,336,37,95,3
13188,10,2,25,0
13189,18,29,842,0
13192,94,57,595,2
13193,60,22,46,2
13194,135,3,26,1
13196,10,97,1224,0
13198,9,200,2645,0
13199,3,48,6172,0
13200,18,42,516,0
13203,9,56,800,0
13207,14,7,130,0
13208,58,124,785,2
13209,29,255,4232,0
13210,93,22,316,2
13211,9,45,834,0
13212,8,128,308,0
13213,56,82,1357,2
13216,267,5,297,3
13217,121,3,114,2
13218,126,5,88,2
13220,77,18,196,2
13221,239,62,244,1
13223,199,5,88,1
13224,59,101,1512,2
13225,2,23,3352,0
13226,272,16,80,3
13227,201,9,99,1
13228,80,2,200,2
13229,225,10,63,1
13230,3,393,1517,0
13232,12,147,773,0
13233,73,43,1004,2
13235,211,54,440,1
13236,24,34,411,0
13238,10,20,296,0
13239,261,22,363,3
13240,95,59,298,2
13242,111,12,130,2
13243,202,56,232,1
13244,92,27,38,2
13245,50,16,125,2
13246,17,110,1537,0
13247,17,18,328,0
13248,124,25,305,2
13249,91,21,546,2
13253,156,35,1572,1
13255,3,13,174,0
13256,13,1,12540,0
13258,11,28,282,0
13259,61,77,126,2
13260,60,8,142,2
13261,268,8,210,3
13262,262,11,125,3
13263,0,450,4768,0
13265,52,66,1740,2
13266,10,83,4299,0
13267,2,88,1939,0
13268,17,257,3601,0
13269,0,178,3508,0
13270,365,1,200,3
13271,36,79,168,0
13272,30,15,96,0
13273,112,16,153,2
13276,63,30,161,2
13277,15,5,176,0
13278,40,46,537,0
13279,63,9,70,2
13280,121,67,518,2
13282,17,30,289,0
13283,59,7,90,2
13284,322,13,79,3
13285,22,157,2051,0
13291,155,41,233,1
13292,38,29,347,0
13294,189,48,453,1
13295,359,11,81,3
13296,136,5,78,1
13297,7,52,963,0
13298,0,2,96,0
13299,267,5,30,3
13300,164,20,201,1
13301,103,75,345,2
13302,154,1,5,1
13304,350,21,238,3
13305,3,50,1232,0
13307,119,1,4,2
13308,22,49,840,0
13309,6,82,1544,0
13310,8,65,575,0
13311,3,25,305,0
13313,21,47,851,0
13314,1,55,487,0
13316,36,67,5507,0
13317,63,101,1003,2
13318,0,14,304,0
13319,4,211,4686,0
13320,69,77,1056,2
13321,71,10,372,2
13322,16,25,117,0
13323,2,6,175,0
13324,31,25,5200,0
13325,81,12,240,2
13327,38,74,1588,0
13328,315,17,680,3
13329,31,16,427,0
13330,92,37,751,2
13332,13,21,179,0
13334,81,207,1764,2
13336,76,51,559,2
13338,153,19,247,1
13339,200,54,326,1
13340,44,128,5770,0
13341,260,42,301,3
13343,172,19,126,1
13344,67,115,952,2
13345,276,20,139,3
13347,69,8,205,2
13348,63,14,136,2
13349,10,16,225,0
13350,15,36,284,0
13351,65,16,117,2
13352,7,24,315,0
13354,70,51,604,2
13355,121,32,314,2
13356,79,42,325,2
13357,256,85,321,3
13358,268,29,285,3
13359,58,23,159,2
13362,2,128,1379,0
13363,17,47,710,0
13364,66,10,0,2
13365,8,122,1238,0
13366,49,1,144,2
13368,256,29,327,3
13369,353,14,127,3
13370,365,39,336,3
13372,89,23,159,2
13373,60,135,1651,2
13375,80,37,441,2
13376,98,45,493,2
13379,25,85,601,0
13381,20,77,2027,0
13382,280,15,131,3
13384,30,123,2415,0
13385,329,35,281,3
13388,120,35,281,2
13389,10,50,429,0
13390,74,13,224,2
13391,203,1,4,1
13394,1,126,2215,0
13395,184,21,336,1
13396,21,42,592,0
13397,72,28,429,2
13398,191,26,281,1
13402,126,32,479,2
13403,17,3,44,0
13404,0,11,111,0
13405,73,25,165,2
13408,1,236,16119,0
13410,8,15,513,0
13411,106,17,72,2
13414,133,23,1574,2
13416,43,11,142,0
13417,4,26,162,0
13418,11,223,3839,0
13419,63,16,275,2
13420,134,8,88,2
13421,39,89,1127,0
13422,50,127,1321,0
13425,107,66,1123,2
13426,0,104,2224,0
13427,18,25,545,0
13428,9,70,151,0
13429,10,55,1390,0
13430,18,49,738,0
13431,66,44,672,2
13434,73,9,300,2
13435,4,68,2125,0
13436,1,12,76,0
13437,13,143,1283,0
13439,254,54,242,3
13441,91,13,204,2
13447,22,55,577,0
13448,16,137,1626,0
13449,23,19,222,0
13450,26,32,1982,0
13451,25,315,2122,0
13452,258,1,2,3
13453,165,16,134,1
13455,24,42,345,0
13456,17,43,756,0
13458,6,242,5460,0
13460,28,16,286,0
13461,38,14,1170,0
13462,182,9,61,1
13464,57,41,403,2
13466,99,17,258,2
13467,10,89,580,0
13468,1,184,2581,0
13470,98,7,100,2
13471,0,214,1583,0
13473,60,21,260,2
13474,235,59,129,1
13475,190,64,1012,1
13476,178,56,414,1
13477,37,57,1018,0
13479,197,14,133,1
13481,45,98,1127,0
13482,231,11,116,1
13483,65,10,160,2
13484,240,8,44,1
13485,232,23,277,1
13486,77,69,669,2
13487,57,26,265,2
13488,16,272,4512,0
13489,104,11,560,2
13491,51,73,903,2
13492,135,38,408,1
13493,274,6,380,3
13494,311,18,162,3
13495,7,34,814,0
13496,10,28,329,0
13497,282,19,159,3
13499,17,31,1358,0
13500,22,60,585,0
13501,242,52,557,1
13502,16,17,264,0
13503,70,17,248,2
13504,63,22,178,2
13505,67,182,2461,2
13506,311,26,321,3
13507,2,146,1597,0
13508,243,12,24,1
13509,8,27,1106,0
13510,0,86,1382,0
13512,260,15,143,3
13513,126,10,109,2
13514,73,4,40,2
13515,72,50,681,2
13516,20,43,985,0
13517,59,125,1360,2
13518,85,36,382,2
13519,49,8,22,2
13520,58,49,1642,2
13521,0,313,718,0
13522,29,5,44,0
13523,32,157,1745,0
13524,40,17,324,0
13525,14,5,394,0
13527,33,153,1664,0
13529,78,15,74,2
13531,204,17,174,1
13532,33,66,129,0
13533,182,61,202,1
13534,1,119,2876,0
13536,0,91,2126,0
13538,42,10,175,0
13539,85,36,314,2
13544,39,76,112,0
13546,11,72,357,0
13548,95,114,436,2
13549,25,37,457,0
13551,318,4,12,3
13552,65,82,1386,2
13555,73,128,2636,2
13557,27,31,546,0
13558,5,123,338,0
13560,6,32,63,0
13561,215,14,83,1
13562,81,50,757,2
13563,83,49,209,2
13564,143,68,634,1
13565,18,35,172,0
13566,40,134,567,0
13568,172,41,66,1
13569,16,73,156,0
13570,242,27,161,1
13571,12,157,1757,0
13572,205,32,534,1
13573,49,24,302,2
13575,22,41,449,0
13576,9,78,2640,0
13577,24,61,771,0
13579,14,19,176,0
13581,308,10,30,3
13583,155,53,725,1
13584,306,24,37,3
13587,31,8,160,0
13588,15,132,2573,0
13589,14,21,114,0
13590,10,70,1846,0
13591,64,56,485,2
13592,35,15,84,0
13593,107,77,695,2
13594,52,26,359,2
13596,5,133,384,0
13598,46,33,51,0
13599,0,172,3168,0
13600,311,19,324,3
13601,44,90,548,0
13602,64,23,267,2
13603,25,27,164,0
13606,28,40,276,0
13607,39,93,288,0
13610,11,165,486,0
13611,88,67,750,2
13614,23,171,564,0
13615,312,23,183,3
13617,39,31,300,0
13618,173,13,246,1
13621,116,19,343,2
13623,30,78,278,0
13626,252,19,209,3
13627,58,84,1266,2
13629,22,28,4372,0
13630,4,51,1377,0
13631,99,6,460,2
13632,24,121,1030,0
13634,32,156,700,0
13635,67,62,677,2
13636,36,57,586,0
13637,51,79,405,2
13638,15,8,93,0
13639,73,39,800,2
13642,215,57,151,1
13643,30,24,273,0
13644,8,144,2060,0
13645,119,5,158,2
13647,9,65,886,0
13649,256,23,139,3
13650,16,79,918,0
13651,34,6,33,0
13652,45,48,578,0
13654,42,157,2182,0
13655,113,52,605,2
13656,164,49,490,1
13657,10,16,209,0
13658,9,91,1009,0
13659,196,93,867,1
13662,85,50,528,2
13663,178,13,91,1
13666,59,12,41,2
13667,148,82,149,1
13668,2,286,3617,0
13669,50,9,237,2
13670,74,25,282,2
13672,300,5,-1,3
13673,18,47,114,0
13675,150,25,330,1
13678,151,16,924,1
13680,0,164,1265,0
13681,17,37,360,0
13682,186,3,10,1
13684,285,29,37,3
13685,2,29,5056,0
13686,182,8,70,1
13689,62,6,512,2
13690,58,9,67,2
13692,24,49,1224,0
13693,324,4,-6,3
13694,3,369,61899,0
13695,30,46,1603,0
13697,38,12,177,0
13699,154,14,66,1
13700,25,139,2281,0
13703,317,1,10,3
13704,4,111,1528,0
13705,7,25,363,0
13706,302,20,189,3
13707,266,48,351,3
13708,270,49,301,3
13709,3,244,3493,0
13710,31,8,176,0
13711,218,11,140,1
13712,246,10,352,1
13715,280,89,554,3
13716,268,21,138,3
13717,31,92,1958,0
13718,245,9,173,1
13719,14,56,609,0
13720,116,42,501,2
13721,35,28,316,0
13722,119,75,1400,2
13723,216,6,43,1
13725,49,97,659,0
13726,38,39,1054,0
13727,28,19,162,0
13728,36,38,458,0
13730,135,38,488,1
13731,218,36,278,1
13732,27,33,498,0
13735,24,161,1081,0
13736,4,167,492,0
13737,199,29,125,1
13739,17,3,54,0
13740,240,23,425,1
13741,71,34,217,2
13742,16,200,1107,0
13743,2,8,1775,0
13744,94,54,1153,2
13745,150,25,486,1
13747,373,1,8,3
13748,95,24,439,2
13750,53,20,516,2
13751,287,9,152,3
13752,123,64,874,2
13753,287,35,512,3
13754,151,11,214,1
13755,3,232,1219,0
13756,1,66,3164,0
13758,11,104,1844,0
13759,32,24,287,0
13760,53,50,197,2
13761,49,68,642,2
13762,203,7,0,1
13763,62,17,725,2
13764,70,183,926,2
13767,1,55,7258,0
13769,1,73,1152,0
13771,63,114,1476,2
13772,33,141,540,0
13774,81,22,192,2
13777,0,40,12804,0
13778,102,9,70,2
13780,6,56,318,0
13781,250,17,30,3
13782,12,96,369,0
13784,9,9,2493,0
13786,366,7,136,3
13787,75,24,337,2
13790,3,45,748,0
13791,42,7,828,0
13792,65,13,92,2
13798,0,115,23515,0
13799,116,32,402,2
13800,309,33,331,3
13801,66,23,168,2
13802,137,57,2281,1
13803,254,17,121,3
13804,30,124,1462,0
13805,51,10,1900,2
13806,63,10,56,2
13807,366,7,36,3
13808,5,70,782,0
13809,304,11,29,3
13810,28,32,311,0
13811,183,7,67,1
13812,41,33,333,0
13813,39,54,550,0
13814,55,37,862,2
13815,21,132,2557,0
13816,23,27,260,0
13817,28,20,211,0
13819,301,26,1109,3
13821,144,51,153,1
13822,5,90,611,0
13823,18,39,439,0
13824,32,34,768,0
13826,157,11,80,1
13827,57,83,138,2
13828,21,15,311,0
13829,358,1,-12,3
13831,15,58,743,0
13832,17,3,25,0
13833,158,28,117,1
13835,24,48,442,0
13837,211,17,182,1
13838,5,144,254,0
13841,252,1,100,3
13842,58,155,1768,2
13844,10,20,196,0
13845,64,9,182,2
13846,24,56,383,0
13848,91,3,3700,2
13849,51,97,1016,2
13850,87,93,941,2
13851,95,77,1705,2
13853,8,23,304,0
13854,8,39,2278,0
13856,168,10,484,1
13858,56,11,75,2
13859,325,27,129,3
13860,0,58,589,0
13862,17,97,1682,0
13863,244,20,219,1
13865,57,26,204,2
13866,73,7,57,2
13867,30,51,501,0
13868,6,32,1964,0
13869,122,234,1709,2
13870,1,91,1320,0
13871,22,155,2801,0
13873,119,21,138,2
13874,357,18,180,3
13875,53,79,1316,2
13876,63,7,36,2
13877,85,3,108,2
13878,54,35,463,2
13880,20,125,1842,0
13881,3,72,10062,0
13882,2,54,950,0
13883,0,110,1368,0
13884,6,45,297,0
13885,188,28,182,1
13886,70,16,126,2
13887,203,19,147,1
13888,119,38,254,2
13889,92,15,146,2
13890,0,74,826,0
13892,26,26,983,0
13893,297,21,190,3
13894,21,25,339,0
13895,20,97,1364,0
13897,49,17,200,2
13898,325,12,133,3
13899,15,19,156,0
13900,182,42,430,1
13901,71,144,1739,2
13904,36,24,332,0
13908,79,104,1470,2
13911,56,120,2731,2
13914,3,28,379,0
13917,49,16,228,2
13918,49,30,1140,2
13919,52,24,437,2
13922,351,7,93,3
13923,53,20,185,2
13924,1,91,1532,0
13925,35,28,327,0
13926,22,11,104,0
13927,74,21,214,2
13928,10,23,129,0
13929,168,8,139,1
13930,57,15,274,2
13931,85,56,721,2
13932,294,16,72,3
13933,108,23,205,2
13934,263,31,390,3
13936,170,26,324,1
13937,168,9,123,1
13938,34,7,70,0
13939,22,43,843,0
13940,16,39,516,0
13941,21,24,2307,0
13946,78,11,443,2
13947,64,5,44,2
13948,360,3,40,3
13949,2,124,2474,0
13950,10,33,321,0
13951,175,38,459,1
13952,210,120,1425,1
13953,6,8,2724,0
13954,1,24,141,0
13955,153,33,154,1
13956,4,123,486,0
13958,371,5,-23,3
13959,78,79,355,2
13960,20,11,142,0
13962,21,11,87,0
13963,307,35,460,3
13967,145,2,42,1
13969,6,334,4469,0
13971,8,118,1818,0
13972,70,15,187,2
13973,286,11,109,3
13974,48,28,249,2
13975,30,240,1690,0
13976,206,10,154,1
13978,14,14,315,0
13979,72,54,639,2
13980,59,11,172,2
13982,38,72,1132,0
13983,29,91,1170,0
13984,26,14,271,0
13985,3,108,3439,0
13986,16,12,430,0
13988,19,188,3025,0
13989,65,33,1313,2
13990,212,16,190,1
13991,11,58,993,0
13992,29,5,64,0
13993,31,66,892,0
13994,3,122,932,0
13995,14,55,867,0
13999,9,102,2231,0
14000,205,15,707,1
14001,45,35,959,0
14002,133,47,877,2
14004,42,102,2668,0
14005,9,53,2478,0
14006,115,22,641,2
14009,197,42,361,1
14012,277,11,160,3
14013,109,30,462,2
14014,76,39,1076,2
14015,52,20,378,2
14016,153,154,2124,1
14019,46,37,1034,0
14020,16,37,441,0
14021,154,22,192,1
14022,224,28,487,1
14023,6,30,345,0
14024,121,16,150,2
14027,60,6,62,2
14029,62,15,198,2
14030,17,210,1478,0
14031,6,121,5370,0
14032,1,53,2008,0
14034,21,82,312,0
14035,28,41,739,0
14036,284,38,268,3
14037,175,27,46,1
14038,77,64,963,2
14039,32,6,92,0
14040,40,147,1514,0
14041,265,21,94,3
14044,26,165,304,0
14045,108,4,535,2
14046,283,14,460,3
14047,8,22,377,0
14048,276,84,274,3
14049,16,352,3784,0
14050,31,49,689,0
14051,0,52,3741,0
14052,19,56,89,0
14053,123,2,215,2
14054,64,6,62,2
14055,105,10,216,2
14056,0,321,4211,0
14057,23,179,4705,0
14059,266,8,128,3
14060,4,86,5374,0
14062,9,60,5593,0
14064,28,59,1334,0
14066,266,7,45,3
14067,63,51,361,2
14068,319,22,73,3
14071,3,271,899,0
14073,20,13,128,0
14075,4,33,754,0
14076,128,43,79,2
14077,40,33,268,0
14078,101,46,310,2
14079,124,12,301,2
14080,32,4,48,0
14081,266,126,589,3
14082,364,28,110,3
14083,3,162,705,0
14085,1,272,3176,0
14087,2,62,249,0
14088,9,379,12593,0
14089,56,13,133,2
14090,324,1,72,3
14092,7,117,2061,0
14093,11,95,391,0
14096,3,1121,16335,0
14098,36,21,104,0
14099,15,167,2177,0
14100,137,24,63,1
14101,73,15,6942,2
14102,4,35,746,0
14104,154,21,72,1
14105,84,74,798,2
14107,51,61,1788,2
14108,30,33,380,0
14109,22,9,56,0
14110,3,94,2455,0
14111,13,10,457,0
14112,22,117,1608,0
14113,3,26,635,0
14114,273,15,101,3
14116,19,61,707,0
14117,143,3,72,1
14119,353,1,-2,3
14121,3,148,2078,0
14124,83,4,1618,2
14125,10,159,1628,0
14126,7,14,458,0
14127,122,39,321,2
14128,60,40,564,2
14129,1,31,592,0
14130,318,66,257,3
14132,1,100,3366,0
14133,129,26,342,2
14135,1,95,3850,0
14138,1,40,600,0
14139,45,26,510,0
14140,3,60,809,0
14141,2,28,337,0
14142,372,22,313,3
14143,133,7,30,2
14145,46,6,636,0
14146,8,183,1886,0
14147,48,4,96,2
14148,233,3,16,1
14149,212,28,129,1
14150,35,23,496,0
14152,74,47,699,2
14154,238,52,465,1
14155,265,6,25,3
14156,9,716,56908,0
14157,19,45,260,0
14158,39,41,781,0
14159,19,501,4335,0
14161,215,87,450,1
14162,173,25,142,1
14163,86,36,893,2
14164,70,28,1033,2
14165,275,23,53,3
14167,38,27,147,0
14171,97,57,167,2
14173,10,28,150,0
14174,32,26,94,0
14175,50,139,1461,0
14176,296,28,207,3
14177,84,37,203,2
14178,8,191,1494,0
14179,40,135,319,0
14180,10,112,710,0
14184,66,24,127,2
14185,330,3,6,3
14188,8,34,1145,0
14189,1,176,3919,0
14191,1,146,3657,0
14193,67,35,445,2
14194,4,269,5783,0
14195,201,7,702,1
14196,106,6,142,2
14198,3,35,280,0
14199,217,2,28,1
14201,59,32,578,2
14204,1,36,72,0
14205,10,35,99,0
14206,238,21,274,1
14208,94,10,114,2
14209,10,55,688,0
14210,90,66,759,2
14211,52,87,1232,2
14212,89,9,1152,2
14213,371,5,-244,3
14214,30,64,748,0
14215,11,98,1354,0
14216,2,47,594,0
14217,1,78,677,0
14218,42,12,160,0
14219,3,7,78,0
14220,246,21,272,1
14221,41,123,2190,0
14222,176,41,607,1
14223,91,50,583,2
14224,109,105,483,2
14226,28,64,1289,0
14227,25,117,1811,0
14229,51,29,590,2
14231,178,47,402,1
14232,31,81,1937,0
14233,43,30,671,0
14234,21,122,951,0
14235,9,65,1947,0
14236,80,15,310,2
14237,372,9,38,3
14238,325,8,111,3
14239,42,83,986,0
14240,29,37,418,0
14241,183,10,146,1
14242,234,13,123,1
14243,8,99,1204,0
14245,175,107,971,1
14246,110,57,804,2
14247,277,19,47,3
14248,317,8,102,3
14250,6,94,1200,0
14251,1,37,1674,0
14256,253,51,410,3
14257,50,89,1677,2
14258,8,58,7098,0
14259,141,5,68,1
14261,50,52,406,2
14262,7,87,1645,0
14264,154,17,66,1
14265,108,31,330,2
14267,150,25,461,1
14270,331,29,197,3
14271,225,10,88,1
14272,73,33,599,2
14273,50,22,264,2
14276,87,52,723,2
14277,14,195,1616,0
14280,196,8,52,1
14282,2,70,2656,0
14284,30,24,157,0
14285,20,18,541,0
14286,23,220,4306,0
14287,7,10,236,0
14288,211,16,187,1
14289,8,33,292,0
14290,10,90,913,0
14291,1,145,2748,0
14292,7,67,1643,0
14293,2,51,709,0
14295,39,7,82,0
14297,17,49,861,0
14298,2,884,58021,0
14299,7,94,2013,0
14300,18,3,32,0
14301,107,13,600,2
14304,222,25,54,1
14305,70,96,1069,2
14306,50,33,1073,2
14307,88,150,2058,2
14309,7,75,1619,0
14311,224,20,125,1
14312,46,74,1012,0
14314,106,8,296,2
14315,20,64,1010,0
14317,64,24,255,2
14320,206,29,239,1
14321,10,111,2406,0
14323,114,32,340,2
14326,234,8,99,1
14327,162,12,139,1
14329,8,218,3067,0
14331,123,27,252,2
14332,22,22,463,0
14333,63,15,52,2
14334,16,98,1730,0
14335,15,55,375,0
14336,16,77,1759,0
14338,157,30,329,1
14339,234,15,150,1
14340,218,6,58,1
14341,44,109,1395,0
14342,20,19,337,0
14344,126,56,477,2
14345,38,6,50,0
14346,120,55,605,2
14348,259,18,183,3
14349,9,31,86,0
14350,270,19,166,3
14351,164,1,12,1
14352,156,44,538,1
14353,214,6,64,1
14354,5,9,210,0
14355,365,11,92,3
14356,59,36,266,2
14357,42,39,147,0
14359,18,44,363,0
14360,31,104,1139,0
14362,21,37,96,0
14364,108,61,1967,2
14367,7,270,4398,0
14368,319,8,36,3
14371,294,4,34,3
14373,357,4,17,3
14375,184,57,184,1
14377,190,11,219,1
14379,43,39,292,0
14381,51,56,146,2
14382,25,121,1231,0
14383,37,49,817,0
14385,8,13,159,0
14386,296,7,54,3
14387,32,125,795,0
14388,8,124,1933,0
14389,8,34,702,0
14390,9,135,2122,0
14393,217,5,13,1
14395,1,181,1685,0
14396,64,71,225,2
14397,0,18,1852,0
14400,140,25,450,1
14401,3,113,4505,0
14403,129,17,513,2
14404,33,70,819,0
14406,118,8,77,2
14407,106,67,1412,2
14408,10,60,1610,0
14409,70,40,1158,2
14410,15,197,290,0
14411,310,14,196,3
14412,34,43,784,0
14413,361,22,67,3
14414,91,79,2509,2
14415,0,284,2958,0
14416,21,13,326,0
14418,3,114,1711,0
14419,10,112,483,0
14420,84,29,333,2
14421,56,25,365,2
14422,0,189,2906,0
14423,217,3,120,1
14424,17,1,48,0
14426,18,187,2339,0
14427,49,16,228,2
14428,6,108,420,0
14431,298,17,124,3
14432,9,256,2013,0
14434,21,3,368,0
14436,98,9,129,2
14437,142,6,59,1
14438,305,9,82,3
14439,319,32,526,3
14440,7,33,588,0
14441,0,45,430,0
14442,1,59,475,0
14443,53,86,931,2
14446,0,233,916,0
14447,18,54,571,0
14448,8,20,104,0
14449,18,201,741,0
14450,180,32,241,1
14451,59,86,378,2
14452,10,55,116,0
14453,189,22,49,1
14456,4,580,2878,0
14457,310,4,88,3
14459,154,37,760,1
14460,109,14,869,2
14461,147,173,766,1
14462,63,151,924,2
14463,97,6,179,2
14465,246,107,398,1
14466,28,35,1006,0
14467,17,67,276,0
14470,11,43,193,0
14472,103,153,1135,2
14473,73,7,88,2
14474,42,29,139,0
14475,71,36,428,2
14476,256,17,110,3
14477,19,7,719,0
14479,253,18,117,3
14480,10,13,143,0
14481,164,25,489,1
14482,17,110,1627,0
14483,149,10,95,1
14484,49,14,210,2
14485,38,44,70,0
14487,26,112,711,0
14488,50,46,793,2
14489,206,30,299,1
14491,174,17,139,1
14493,6,95,1279,0
14494,25,7,92,0
14495,50,6,62,2
14496,311,16,159,3
14497,300,29,233,3
14498,42,162,1098,0
14499,25,146,496,0
14500,87,6,117,2
14501,63,9,119,2
14502,19,369,1465,0
14503,2,113,2004,0
14504,46,85,308,0
14505,16,542,2723,0
14506,16,204,704,0
14507,23,79,582,0
14508,21,52,129,0
14511,10,53,772,0
14512,187,19,122,1
14513,100,11,355,2
14514,60,65,564,2
14515,17,68,1110,0
14517,32,17,91,0
14518,63,16,278,2
14520,1,3,146,0
14522,23,15,525,0
14523,107,12,251,2
14524,31,161,669,0
14525,8,218,2603,0
14527,2,331,2048,0
14528,36,18,278,0
14529,59,177,325,2
14530,25,140,1395,0
14532,235,45,284,1
14533,24,53,2777,0
14534,2,334,1905,0
14535,58,280,1818,2
14536,259,18,39,3
14537,57,10,120,2
14538,64,19,155,2
14539,15,31,428,0
14540,9,64,411,0
14541,58,71,641,2
14542,185,5,19,1
14543,3,43,600,0
14544,23,97,1536,0
14546,3,255,1283,0
14547,3,198,2629,0
14548,150,2,256,1
14549,310,56,136,3
14550,10,38,389,0
14551,17,9,106,0
14552,151,57,90,1
14553,18,103,493,0
14554,9,147,1443,0
14555,56,18,122,2
14557,63,16,0,2
14560,6,39,1223,0
14561,75,67,1014,2
14562,3,189,1663,0
14565,95,111,1532,2
14566,110,4,800,2
14567,34,33,410,0
14569,0,10,79,0
14570,280,29,95,3
14572,2,191,1417,0
14573,179,127,528,1
14576,371,1,12,3
14577,12,86,353,0
14578,2,24,240,0
14581,16,16,217,0
14582,40,6,73,0
14583,5,243,751,0
14584,168,68,377,1
14585,49,29,91,2
14586,226,19,236,1
14587,18,170,747,0
14589,371,3,5,3
14591,14,138,1228,0
14592,34,132,407,0
14593,21,127,330,0
14594,6,48,183,0
14595,19,94,978,0
14597,10,45,566,0
14598,43,49,189,0
14600,305,25,125,3
14601,10,7,168,0
14603,274,2,400,3
14606,0,832,5941,0
14607,15,38,7758,0
14608,3,8,437,0
14609,71,2,7026,2
14616,242,2,104,1
14618,8,11,261,0
14619,238,20,145,1
14620,203,26,188,1
14621,0,80,987,0
14622,184,21,146,1
14623,31,108,416,0
14624,56,13,162,2
14625,184,52,330,1
14626,8,108,1387,0
14627,311,5,-5,3
14628,90,22,272,2
14629,3,133,374,0
14631,50,38,622,2
14632,262,8,96,3
14633,265,20,96,3
14636,35,27,241,0
14638,50,16,166,2
14639,51,138,1428,0
14640,15,87,823,0
14641,21,7,90,0
14642,58,2,76,2
14643,169,30,755,1
14644,8,26,252,0
14645,156,28,381,1
14646,1,703,196719,0
14647,200,24,91,1
14649,4,148,1004,0
14651,66,95,343,2
14652,76,29,53,2
14653,0,154,945,0
14655,3,35,1088,0
14656,168,73,120,1
14657,17,103,465,0
14658,4,27,47,0
14659,8,147,1183,0
14660,86,24,228,2
14661,26,4,35,0
14662,28,143,578,0
14664,19,78,465,0
14665,60,63,500,2
14666,23,14,161,0
14667,10,354,5316,0
14669,241,158,770,1
14670,279,107,326,3
14672,234,58,454,1
14673,2,39,1004,0
14675,15,93,336,0
14676,30,30,2498,0
14679,371,1,-1,3
14680,24,83,12474,0
14681,70,6,76,2
14682,187,1,80,1
14684,25,231,821,0
14687,106,15,470,2
14688,7,148,3185,0
14689,208,13,76,1
14690,43,42,160,0
14691,30,50,707,0
14692,136,53,255,1
14693,264,8,34,3
14696,3,117,1626,0
14697,217,22,181,1
14698,1,148,602,0
14699,213,8,77,1
14700,31,80,1314,0
14701,10,273,898,0
14702,0,196,1429,0
14703,14,22,183,0
14704,10,288,1043,0
14705,198,1,100,1
14708,2,25,615,0
14709,14,71,2482,0
14710,13,124,375,0
14711,9,221,954,0
14712,28,21,315,0
14713,8,146,1611,0
14714,23,10,229,0
14715,24,60,521,0
14716,42,46,495,0
14719,1,177,1024,0
14720,5,34,219,0
14722,146,28,118,1
14723,9,193,673,0
14725,24,45,588,0
14727,273,10,62,3
14729,373,69,197,3
14730,0,317,1078,0
14731,46,38,256,0
14732,7,105,1402,0
14733,8,102,3725,0
14735,3,99,2160,0
14737,3,15,345,0
14738,38,39,576,0
14739,1,47,3817,0
14740,190,85,729,1
14741,11,35,841,0
14744,15,21,625,0
14745,112,46,1020,2
14747,247,18,82,1
14748,28,90,1192,0
14752,43,5,260,0
14753,86,30,211,2
14754,44,38,486,0
14755,9,128,2217,0
14756,14,38,416,0
14757,74,19,160,2
14758,144,54,419,1
14759,4,92,569,0
14760,293,5,28,3
14761,58,11,118,2
14762,263,21,341,3
14764,43,6,175,0
14765,28,38,135,0
14766,7,111,1323,0
14768,16,4,34,0
14769,2,718,7209,0
14770,231,49,490,1
14772,111,9,82,2
14775,57,57,1174,2
14776,50,44,2688,2
14777,3,2,-9,0
14778,126,34,306,2
14779,280,40,84,3
14780,54,26,310,2
14782,319,6,114,3
14784,25,15,237,0
14785,9,2,84,0
14788,6,26,421,0
14789,28,6,116,0
14790,16,30,699,0
14792,63,2,0,2
14793,3,14,88,0
14794,2,68,669,0
14795,165,6,17,1
14796,0,403,5912,0
14798,52,11,150,2
14799,50,13,146,2
14800,47,248,3623,0
14801,60,56,173,2
14803,161,35,370,1
14804,8,12,121,0
14805,14,30,114,0
14806,74,11,330,2
14808,39,179,2027,0
14810,40,106,1015,0
14813,369,25,66,3
14815,36,53,744,0
14816,196,4,5,1
14817,199,52,655,1
14818,73,41,324,2
14819,63,13,109,2
14820,20,24,253,0
14821,366,2,20,3
14823,179,56,88,1
14824,9,19,525,0
14825,3,82,989,0
14828,196,17,2172,1
14829,28,40,414,0
14830,52,39,164,2
14834,17,43,731,0
14836,9,5,45,0
14837,89,96,1430,2
14840,267,4,31,3
14841,52,103,1778,2
14842,34,128,1146,0
14844,63,87,1833,2
14847,148,13,120,1
14849,21,159,5656,0
14850,311,22,285,3
14851,22,28,325,0
14852,57,96,1747,2
14853,8,8,81,0
14854,77,110,1810,2
14855,118,13,267,2
14856,35,65,711,0
14857,59,58,455,2
14859,12,47,669,0
14860,8,11,230,0
14861,51,6,117,2
14862,25,47,772,0
14863,28,11,132,0
14865,6,4,108,0
14866,10,30,6569,0
14867,185,32,327,1
14868,2,96,1399,0
14869,3,66,548,0
14870,261,13,119,3
14871,2,68,179,0
14873,209,28,168,1
14875,8,47,554,0
14878,12,62,799,0
14880,76,45,365,2
14881,19,17,316,0
14882,26,6,158,0
14883,18,39,789,0
14885,131,15,724,2
14886,252,18,160,3
14887,78,6,1100,2
14888,206,20,184,1
14889,335,10,90,3
14890,253,7,51,3
14891,147,30,505,1
14893,9,72,799,0
14894,84,23,265,2
14895,7,275,4823,0
14896,204,43,279,1
14897,7,43,468,0
14898,22,87,989,0
14901,10,73,659,0
14902,20,20,209,0
14903,20,227,1486,0
14904,1,66,1985,0
14905,153,14,274,1
14907,2,125,1686,0
14908,73,9,132,2
14910,2,25,221,0
14911,0,1794,77155,0
14912,16,22,970,0
14913,35,76,1743,0
14915,85,12,105,2
14916,70,72,1132,2
14918,115,39,675,2
14920,212,57,509,1
14921,29,78,953,0
14923,50,44,418,2
14924,245,10,64,1
14929,31,11,136,0
14930,108,116,1160,2
14931,4,30,416,0
14932,365,17,80,3
14934,72,68,1041,2
14935,296,10,935,3
14936,8,210,4083,0
14937,56,33,483,2
14944,29,101,2801,0
14946,13,3,22,0
14947,71,14,179,2
14948,22,56,661,0
14950,8,19,135,0
14951,78,20,311,2
14952,45,119,3295,0
14953,24,54,224,0
14954,11,75,117,0
14957,252,12,34,3
14958,146,33,128,1
14959,58,37,491,2
14960,7,23,221,0
14961,10,193,3692,0
14962,270,5,44,3
14963,9,149,1159,0
14964,246,13,143,1
14965,95,80,363,2
14966,14,35,179,0
14967,49,6,140,2
14968,29,37,127,0
14970,67,24,250,2
14971,34,144,639,0
14972,127,18,28,2
14973,106,29,369,2
14974,36,17,37,0
14975,56,11,380,2
14976,56,47,230,2
14978,71,136,523,2
14981,245,8,97,1
14984,18,37,58,0
14985,197,78,256,1
14987,15,2,128,0
14988,211,40,141,1
14995,38,53,102,0
14997,45,25,1102,0
14998,169,70,258,1
15000,47,76,218,0
15002,115,93,862,2
15004,146,154,623,1
15005,15,368,4188,0
15006,50,121,286,0
15007,158,12,69,1
15009,11,148,639,0
15010,35,20,184,0
15012,53,110,225,2
15014,42,29,149,0
15016,172,20,76,1
15017,33,20,63,0
15018,38,30,188,0
15019,266,64,150,3
15021,8,287,801,0
15022,11,96,527,0
15023,2,347,2819,0
15024,9,105,902,0
15025,32,66,184,0
15026,79,57,285,2
15027,30,30,563,0
15028,7,35,459,0
15030,71,7,372,2
15031,3,74,400,0
15032,255,29,2668,3
15033,4,315,1669,0
15034,15,299,2402,0
15035,89,26,245,2
15036,71,107,316,2
15038,42,105,182,0
15039,9,408,9113,0
15041,169,66,103,1
15042,198,5,30,1
15043,30,3,300,0
15044,18,233,2776,0
15045,151,11,106,1
15046,8,147,3228,0
15047,269,22,222,3
15048,64,86,180,2
15049,273,3,63,3
15050,24,68,1176,0
15051,22,130,1010,0
15052,318,27,79,3
15053,4,49,984,0
15054,11,105,198,0
15057,274,25,668,3
15058,24,199,1054,0
15059,40,161,602,0
15060,7,81,257,0
15061,3,71,28590,0
15062,70,47,763,2
15063,212,5,56,1
15065,37,148,1355,0
15066,31,42,279,0
15067,77,82,954,2
15068,45,96,364,0
15069,178,70,520,1
15070,372,1,36,3
15071,93,25,269,2
15073,9,31,277,0
15074,104,41,431,2
15075,77,27,447,2
15076,172,49,571,1
15078,6,98,5069,0
15079,212,47,388,1
15081,21,26,188,0
15083,256,5,38,3
15087,281,15,470,3
15088,20,53,457,0
15089,9,139,1359,0
15090,307,23,208,3
15091,53,30,343,2
15092,214,23,135,1
15093,17,52,3733,0
15095,103,30,1077,2
15096,42,11,120,0
15097,3,25,170,0
15098,181,2,60,1
15099,83,23,343,2
15100,329,1,58,3
15101,8,8,239,0
15103,30,35,329,0
15104,166,66,633,1
15105,17,90,1211,0
15106,17,90,1144,0
15107,310,13,162,3
15108,141,50,497,1
15109,240,28,127,1
15110,23,17,241,0
15111,28,70,710,0
15113,9,77,2320,0
15114,29,136,3096,0
15115,17,21,157,0
15116,17,37,648,0
15117,14,63,1947,0
15118,133,1,1440,2
15119,245,14,88,1
15120,129,21,292,2
15121,49,28,199,2
15122,84,65,788,2
15123,6,93,1195,0
15124,22,14,233,0
15125,24,102,5991,0
15127,65,16,251,2
15128,59,76,1326,2
15129,49,54,1794,2
15130,169,22,197,1
15132,17,49,679,0
15133,127,27,680,2
15134,14,44,887,0
15135,232,9,41,1
15136,2,61,775,0
15139,239,13,208,1
15140,51,74,1567,2
15142,45,26,365,0
15143,225,14,150,1
15144,7,132,3026,0
15145,3,54,756,0
15146,164,90,1459,1
15147,218,28,363,1
15148,10,20,187,0
15149,133,23,128,2
15150,16,282,3617,0
15152,9,196,2694,0
15153,30,22,198,0
15154,73,66,85,2
15156,0,51,597,0
15157,3,126,2242,0
15158,44,7,198,0
15159,1,363,11394,0
15160,356,4,84,3
15163,17,29,186,0
15164,68,79,351,2
15165,372,27,160,3
15167,320,39,65,3
15168,25,5,52,0
15171,324,5,190,3
15172,8,106,1611,0
15174,322,11,145,3
15175,71,23,454,2
15178,259,3,30,3
15179,17,91,1907,0
15180,366,6,36,3
15181,65,13,542,2
15182,153,24,253,1
15184,28,59,199,0
15185,69,21,666,2
15186,13,17,215,0
15187,1,61,1869,0
15189,0,80,6035,0
15192,119,36,918,2
15193,60,19,144,2
15194,2,209,5648,0
15195,2,1,1404,0
15197,8,30,453,0
15198,91,10,120,2
15199,58,5,396,2
15201,78,38,962,2
15203,25,82,1753,0
15204,356,9,258,3
15205,84,38,377,2
15206,9,3,162,0
15208,0,25,314,0
15210,224,20,228,1
15211,59,52,240,2
15212,238,5,33,1
15213,318,22,270,3
15214,1,109,1254,0
15215,44,35,211,0
15216,87,2,28,2
15218,10,77,3329,0
15219,175,9,45,1
15220,51,110,1377,2
15221,365,9,25,3
15222,318,5,440,3
15223,225,14,98,1
15224,357,13,150,3
15225,233,23,226,1
15226,310,8,71,3
15227,36,43,750,0
15228,65,110,2252,2
15230,238,23,351,1
15232,112,26,686,2
15234,276,14,196,3
15235,217,132,1324,1
15236,298,15,269,3
15237,1,94,1071,0
15238,28,49,689,0
15239,9,48,591,0
15240,44,61,1361,0
15241,66,82,1815,2
15243,73,22,185,2
15244,64,31,405,2
15245,133,55,1784,2
15246,237,32,247,1
15247,121,6,160,2
15249,31,211,3557,0
15251,8,97,6084,0
15252,35,44,522,0
15253,15,52,864,0
15254,126,18,275,2
15255,66,47,489,2
15256,148,6,55,1
15257,280,7,45,3
15258,168,32,142,1
15260,99,62,861,2
15261,134,19,270,2
15262,323,10,73,3
15263,106,12,89,2
15264,63,23,265,2
15265,150,76,612,1
15266,337,6,18,3
15267,21,8,944,0
15269,23,2,26,0
15270,15,22,1459,0
15271,6,184,1246,0
15272,56,63,310,2
15274,3,44,619,0
15275,30,41,497,0
15276,65,49,61,2
15277,46,12,205,0
15279,354,21,185,3
15280,171,16,154,1
15281,58,122,1193,2
15286,49,3,55,2
15287,21,17,432,0
15288,42,80,775,0
15289,28,43,996,0
15290,4,93,4431,0
15291,25,63,2074,0
15292,200,24,55,1
15296,43,137,1757,0
15297,9,30,290,0
15298,1,115,2752,0
15299,66,9,2940,2
15300,63,28,292,2
15301,50,167,2744,0
15303,289,31,248,3
15304,60,8,100,2
15306,63,57,810,2
15307,95,12,37,2
15308,270,19,173,3
15311,0,571,37673,0
15312,74,42,513,2
15313,109,1,25,2
15314,198,24,313,1
15315,63,35,838,2
15316,326,1,100,3
15318,3,33,642,0
15319,283,16,175,3
15320,43,36,326,0
15321,48,83,1164,0
15322,63,42,365,2
15325,103,47,231,2
15326,333,29,386,3
15327,52,10,116,2
15329,34,52,476,0
15330,31,10,1312,0
15332,365,29,652,3
15333,207,16,344,1
15334,156,67,273,1
15335,53,34,79,2
15339,65,79,414,2
15341,80,17,812,2
15342,115,24,276,2
15343,86,21,84,2
15344,0,21,106,0
15345,34,20,78,0
15346,332,17,144,3
15347,365,5,130,3
15348,71,9,84,2
15349,157,65,321,1
15350,372,5,51,3
15351,11,160,721,0
15353,254,59,341,3
15355,28,9,45,0
15356,30,215,1643,0
15358,4,292,6928,0
15360,39,13,223,0
15361,361,7,336,3
15363,240,16,143,1
15364,95,29,493,2
15365,25,66,758,0
15366,74,37,621,2
15367,56,92,1055,2
15368,20,4,230,0
15369,143,1,-1,1
15370,40,65,828,0
15372,136,27,2924,1
15373,7,74,476,0
15374,128,3,126,2
15376,39,100,615,0
15379,168,145,2293,1
15380,8,22,374,0
15381,213,8,171,1
15382,14,193,4003,0
15384,169,35,593,1
15385,39,12,161,0
15386,185,31,446,1
15388,269,10,88,3
15389,171,1,400,1
15392,4,74,1265,0
15393,15,10,150,0
15394,9,54,910,0
15395,325,7,17,3
15396,112,14,122,2
15397,289,6,20,3
15398,15,60,767,0
15399,0,45,611,0
15400,91,10,360,2
15402,148,35,694,1
15405,188,8,193,1
15406,17,51,236,0
15407,33,142,552,0
15408,263,34,106,3
15410,83,48,1200,2
15411,25,86,527,0
15412,170,10,108,1
15414,9,37,443,0
15415,312,46,551,3
15416,64,165,2089,2
15417,84,28,284,2
15419,24,8,230,0
15421,58,40,500,2
15422,322,6,38,3
15423,37,2,101,0
15424,253,17,554,3
15426,18,222,645,0
15427,32,233,967,0
15428,14,6,102,0
15429,26,77,369,0
15432,22,10,65,0
15433,78,40,399,2
15434,7,40,638,0
15435,21,29,54,0
15436,11,243,574,0
15437,261,44,79,3
15438,130,25,59,2
15440,54,50,197,2
15442,248,2,120,1
15443,1,237,1636,0
15444,8,191,759,0
15445,263,5,58,3
15447,330,9,85,3
15448,312,28,232,3
15449,25,47,810,0
15450,29,30,376,0
15452,29,47,280,0
15453,1,169,837,0
15454,361,23,86,3
15456,282,48,633,3
15457,261,56,132,3
15458,24,7,156,0
15460,353,53,107,3
15462,93,9,172,2
15463,28,7,106,0
15464,337,155,348,3
15465,19,43,1217,0
15466,84,56,246,2
15467,8,41,306,0
15468,34,25,150,0
15469,42,24,150,0
15471,1,67,256,0
15472,112,76,251,2
15473,13,4,552,0
15475,76,29,319,2
15478,39,34,575,0
15480,115,45,303,2
15482,15,46,2982,0
15483,160,74,291,1
15484,0,135,3134,0
15485,29,59,1281,0
15488,92,2,73,2
15489,22,47,593,0
15491,94,108,1624,2
15492,27,32,483,0
15493,32,177,546,0
15494,20,120,1139,0
15497,17,13,622,0
15498,0,362,6084,0
15500,7,64,572,0
15502,15,164,3823,0
15503,362,66,70,3
15504,80,13,33,2
15505,52,90,2348,2
15506,22,121,842,0
15507,171,41,160,1
15508,188,78,440,1
15510,330,1,2,3
15511,11,117,269,0
15512,155,7,68,1
15513,30,183,5545,0
15514,11,96,1761,0
15516,44,15,27,0
15517,232,27,293,1
15518,63,136,1252,2
15520,1,18,314,0
15521,35,117,1674,0
15522,32,47,572,0
15523,83,10,132,2
15524,24,1,4,0
15525,1,133,385,0
15526,32,4,24,0
15527,18,128,987,0
15528,253,26,123,3
15529,22,415,3448,0
15530,21,90,938,0
15531,7,196,1085,0
15532,24,205,502,0
15533,18,73,256,0
15535,172,55,121,1
15537,162,24,29,1
15539,6,41,410,0
15540,10,15,200,0
15541,113,29,49,2
15543,287,26,86,3
15544,8,122,3105,0
15545,53,78,162,2
15547,6,441,3999,0
15549,76,104,684,2
15550,3,43,295,0
15551,36,29,218,0
15552,216,17,60,1
15553,59,51,449,2
15554,277,14,74,3
15555,11,404,4398,0
15556,23,31,236,0
15557,28,16,213,0
15561,11,27,256,0
15562,351,1,39,3
15563,8,88,1460,0
15565,49,8,60,2
15567,18,7,223,0
15568,2,27,461,0
15569,103,27,666,2
15570,6,232,2054,0
15571,11,47,264,0
15572,4,166,1213,0
15573,31,88,355,0
15574,177,131,332,1
15576,37,43,394,0
15577,150,39,89,1
15578,161,13,52,1
15579,68,45,117,2
15581,120,134,283,2
15582,24,39,453,0
15584,23,89,311,0
15585,176,31,320,1
15587,49,3,312,2
15589,252,28,242,3
15590,288,1,-1,3
15592,46,24,354,0
15593,70,5,60,2
15594,15,85,982,0
15596,100,51,548,2
15597,29,22,276,0
15598,34,14,156,0
15599,26,50,718,0
15601,10,230,4978,0
15602,7,31,1001,0
15603,78,2,96,2
15604,51,17,159,2
15605,35,61,441,0
15606,56,51,720,2
15607,336,13,202,3
15608,27,59,714,0
15609,182,16,145,1
15610,51,6,66,2
15611,9,23,498,0
15612,35,4,52,0
15615,9,185,5493,0
15618,32,39,428,0
15619,10,3,136,0
15620,49,92,899,0
15621,3,11,463,0
15622,2,169,1552,0
15623,140,19,125,1
15624,116,26,357,2
15625,99,44,1166,2
15626,74,49,766,2
15628,4,85,1882,0
15630,44,57,799,0
15632,15,107,2049,0
15634,16,15,99,0
15636,89,20,284,2
15637,52,15,128,2
15638,300,2,-52,3
15639,133,25,323,2
15640,3,241,6538,0
15641,104,102,1562,2
15643,178,31,242,1
15644,165,166,550,1
15645,18,50,256,0
15646,157,35,388,1
15648,203,24,210,1
15649,335,1,192,3
15651,36,27,479,0
15652,90,21,208,2
15653,92,4,1200,2
15654,8,15,475,0
15655,232,34,319,1
15656,44,46,343,0
15657,22,1,24,0
15658,189,40,232,1
15659,43,11,111,0
15660,24,55,1037,0
15661,316,4,236,3
15663,105,9,106,2
15664,50,19,141,2
15665,167,92,1654,1
15667,39,13,240,0
15668,217,1,72,1
15669,39,31,339,0
15670,296,12,91,3
15671,18,52,1681,0
15673,87,107,1451,2
15674,72,88,1075,2
15675,80,20,527,2
15676,8,191,2231,0
15677,48,33,319,2
15678,52,12,184,2
15679,23,98,1170,0
15680,8,61,952,0
15681,17,32,556,0
15683,116,10,131,2
15687,8,119,1308,0
15689,119,8,84,2
15690,3,19,408,0
15691,251,2,72,3
15692,27,12,138,0
15694,0,42,1665,0
15695,266,22,212,3
15696,32,140,1009,0
15699,17,18,113,0
15700,171,85,328,1
15701,1,193,912,0
15703,264,5,66,3
15704,139,79,1028,1
15705,200,6,62,1
15706,59,50,305,2
15707,34,126,594,0
15708,40,124,1208,0
15709,283,6,121,3
15712,8,41,486,0
15713,142,18,149,1
15714,11,34,186,0
15716,145,101,738,1
15717,233,7,70,1
15719,32,299,2717,0
15720,23,128,281,0
15721,11,80,388,0
15722,35,47,1018,0
15723,364,37,73,3
15724,200,11,72,1
15725,14,32,221,0
15727,16,213,3063,0
15728,48,4,-34,2
15729,197,5,24,1
15730,65,68,683,2
15732,211,13,215,1
15733,282,10,62,3
15734,114,25,346,2
15737,14,60,584,0
15738,18,46,2967,0
15739,65,8,472,2
15740,48,9,152,2
15743,15,59,214,0
15744,77,3,120,2
15745,8,57,412,0
15746,133,28,130,2
15747,12,52,466,0
15748,39,19,50,0
15749,234,6,9014,1
15750,2,214,1776,0
15752,39,236,1955,0
15753,304,1,144,3
15754,50,24,197,2
15755,0,127,1397,0
15756,60,160,241,2
15757,65,43,491,2
15758,24,9,47,0
15759,217,5,60,1
15762,64,37,251,2
15763,31,58,268,0
15764,80,150,2036,2
15766,63,11,170,2
15768,115,24,243,2
15769,6,26,27660,0
15773,5,10,311,0
15774,68,25,87,2
15775,244,7,68,1
15776,132,18,138,2
15777,240,18,375,1
15780,183,26,220,1
15781,24,20,178,0
15782,9,34,863,0
15783,10,14,212,0
15785,29,58,1594,0
15786,43,257,3307,0
15787,25,156,534,0
15789,357,25,438,3
15790,9,34,113,0
15791,43,66,730,0
15793,8,6,552,0
15795,149,42,581,1
15796,0,71,858,0
15797,112,8,873,2
15799,75,94,955,2
15800,106,116,332,2
15801,45,61,562,0
15802,142,1,-1,1
15803,50,8,290,2
15804,0,170,2515,0
15805,22,220,3317,0
15806,45,24,602,0
15807,49,48,430,2
15808,305,143,1303,3
15809,35,31,251,0
15810,78,66,737,2
15811,16,117,1061,0
15812,106,36,922,2
15813,207,40,603,1
15814,2,64,1247,0
15815,63,33,1856,2
15819,48,96,1357,0
15820,319,17,128,3
15821,43,57,202,0
15822,2,28,375,0
15823,336,17,-283,3
15825,171,20,220,1
15826,50,64,962,2
15827,72,73,842,2
15829,98,44,996,2
15830,28,39,409,0
15831,57,64,1084,2
15832,253,54,465,3
15834,69,243,957,2
15835,43,47,439,0
15836,44,10,24,0
15837,64,24,189,2
15838,10,56,9007,0
15839,24,56,670,0
15840,58,26,394,2
15841,63,36,926,2
15843,303,8,27,3
15844,45,11,134,0
15845,17,97,1918,0
15847,37,22,449,0
15850,18,87,298,0
15852,186,22,48,1
15853,51,29,135,2
15854,3,105,926,0
15855,136,59,470,1
15856,3,297,10802,0
15857,18,14,308,0
15858,15,145,1163,0
15860,40,105,437,0
15861,11,339,2527,0
15862,7,142,585,0
15863,25,18,19,0
15864,21,16,1044,0
15865,40,37,368,0
15866,100,43,124,2
15867,4,302,2050,0
15869,276,13,175,3
15870,32,68,333,0
15872,14,101,187,0
15874,62,123,2506,2
15877,1,122,243,0
15880,368,95,178,3
15881,311,26,199,3
15882,198,23,266,1
15883,1,42,223,0
15885,92,18,111,2
15886,59,12,147,2
15888,79,11,60,2
15889,156,79,206,1
15891,226,60,418,1
15894,252,35,164,3
15895,149,11,94,1
15897,193,17,223,1
15898,0,70,565,0
15899,368,4,39,3
15900,23,44,216,0
15901,16,102,379,0
15903,9,46,2409,0
15904,7,30,84,0
15906,19,114,538,0
15907,3,175,478,0
15909,173,7,98,1
15910,0,215,1013,0
15912,177,19,185,1
15916,15,125,747,0
15917,247,12,42,1
15918,190,33,153,1
15919,19,103,385,0
15920,153,53,99,1
15921,172,24,162,1
15922,371,11,136,3
15923,372,21,122,3
15925,193,12,93,1
15930,66,21,139,2
15932,3,93,2311,0
15933,20,63,885,0
15935,238,12,115,1
15937,63,7,73,2
15938,111,13,240,2
15939,89,28,4725,2
15940,310,2,3,3
15942,133,14,232,2
15944,276,6,50,3
15945,364,2,52,3
15947,82,29,898,2
15948,7,51,567,0
15949,16,12,284,0
15950,1,86,712,0
15951,0,36,306,0
15952,33,65,391,0
15953,14,65,884,0
15955,23,137,2124,0
15957,31,40,211,0
15958,73,7,33,2
15963,19,26,298,0
15965,16,88,434,0
15967,22,73,205,0
15969,2,20,120,0
15970,303,11,116,3
15971,17,10,1717,0
15973,235,4,87,1
15974,38,141,2256,0
15975,83,24,243,2
15976,164,83,275,1
15977,16,48,1016,0
15978,76,49,888,2
15980,88,40,1560,2
15981,24,53,1866,0
15983,21,82,886,0
15984,2,217,1805,0
15985,122,29,836,2
15986,29,14,268,0
15987,11,110,1533,0
15988,18,26,180,0
15990,43,52,443,0
15992,3,3,17,0
15993,8,336,2028,0
15994,54,31,173,2
15996,87,103,378,2
15998,36,373,2028,0
16000,2,9,5110,0
16003,29,82,1185,0
16005,11,173,280,0
16006,210,8,84,1
16007,47,221,1388,0
16008,23,29,323,0
16009,21,68,366,0
16010,245,62,202,1
16011,7,99,2035,0
16012,34,87,799,0
16013,3,34,13845,0
16014,35,123,254,0
16015,3,146,904,0
16016,2,156,600,0
16017,46,26,102,0
16018,38,26,190,0
16019,1,133,1649,0
16020,16,42,487,0
16022,259,68,255,3
16023,45,90,358,0
16024,11,61,397,0
16025,29,28,338,0
16026,42,30,243,0
16027,91,12,1146,2
16029,38,46,33632,0
16030,309,28,283,3
16031,91,91,421,2
16033,5,539,3506,0
16034,195,18,242,1
16036,86,55,716,2
16037,269,37,428,3
16038,7,24,241,0
16040,64,57,684,2
16041,30,6,1584,0
16042,21,68,733,0
16043,37,30,503,0
16045,119,71,897,2
16048,85,9,143,2
16049,39,248,763,0
16050,173,10,278,1
16052,53,34,282,2
16053,32,81,1793,0
16054,144,70,380,1
16055,220,8,22,1
16056,44,66,345,0
16057,3,109,833,0
16059,65,126,641,2
16061,268,1,-1,3
16062,9,50,800,0
16063,259,23,262,3
16065,364,71,228,3
16066,16,77,935,0
16070,21,32,457,0
16071,44,21,180,0
16072,287,23,140,3
16073,291,1,37,3
16076,2,71,1363,0
16078,283,1,16,3
16079,16,18,864,0
16080,81,10,104,2
16081,55,175,1473,2
16083,100,31,908,2
16084,298,38,216,3
16085,22,123,636,0
16086,58,24,510,2
16091,154,16,154,1
16092,98,37,602,2
16093,106,1,20,2
16094,11,48,633,0
16096,263,12,155,3
16097,239,10,87,1
16098,87,34,613,2
16099,49,29,434,2
16101,8,76,738,0
16102,41,41,942,0
16103,6,30,558,0
16104,61,28,122,2
16105,248,13,330,1
16106,65,6,74,2
16107,17,16,1176,0
16108,84,48,599,2
16109,218,18,612,1
16110,44,283,720,0
16112,142,15,574,1
16113,182,30,176,1
16114,170,8,43,1
16115,9,169,994,0
16116,205,34,246,1
16117,189,30,130,1
16119,7,14,240,0
16120,58,26,866,2
16121,56,170,576,2
16122,72,26,1128,2
16123,51,16,170,2
16124,315,11,41,3
16125,366,13,124,3
16126,28,57,2125,0
16127,38,40,323,0
16128,17,76,988,0
16131,51,55,1802,2
16133,3,221,8738,0
16134,21,34,357,0
16135,262,21,209,3
16136,59,35,440,2
16138,367,1,-1,3
16139,18,25,330,0
16140,52,33,727,2
16141,87,30,238,2
16142,249,37,422,1
16143,2,75,917,0
16144,246,1,16,1
16145,8,134,3072,0
16146,156,26,427,1
16147,133,22,246,2
16148,295,1,72,3
16149,4,18,308,0
16150,38,91,1004,0
16152,268,29,642,3
16153,49,78,1073,0
16156,8,109,1235,0
16157,15,12,344,0
16159,281,14,236,3
16160,63,20,1153,2
16161,1,293,2490,0
16162,251,2,4,3
16163,224,5,92,1
16164,16,27,432,0
16168,10,57,1888,0
16169,7,71,1325,0
16170,50,106,1766,0
16171,58,3,24,2
16172,94,52,787,2
16173,15,70,571,0
16174,125,19,651,2
16175,93,45,533,2
16177,49,15,95,2
16178,137,8,94,1
16179,60,11,99,2
16180,99,92,5853,2
16181,72,11,152,2
16182,71,17,3791,2
16183,66,15,113,2
16184,63,26,560,2
16185,16,31,260,0
16186,22,87,3008,0
16187,31,160,5004,0
16188,44,65,782,0
16189,15,9,134,0
16190,39,6,88,0
16191,2,67,3203,0
16193,236,19,219,1
16198,74,15,129,2
16200,3,149,516,0
16201,2,74,1267,0
16202,360,18,191,3
16203,58,27,261,2
16204,22,45,218,0
16205,30,73,516,0
16206,54,52,272,2
16207,24,19,140,0
16208,44,61,333,0
16209,88,37,1179,2
16210,1,74,7559,0
16211,80,23,153,2
16212,18,40,241,0
16213,78,6,48,2
16214,170,36,420,1
16215,80,14,104,2
16216,266,37,254,3
16217,234,14,76,1
16218,29,56,2077,0
16221,36,90,714,0
16222,317,120,325,3
16224,56,90,1116,2
16225,44,109,493,0
16226,202,6,192,1
16227,218,6,88,1
16229,86,46,318,2
16230,189,32,365,1
16232,32,24,547,0
16233,70,22,165,2
16235,40,42,328,0
16236,77,20,184,2
16239,56,18,218,2
16240,7,127,1634,0
16241,9,347,1443,0
16242,7,184,1968,0
16243,33,49,110,0
16244,211,88,855,1
16245,23,80,1008,0
16247,169,16,182,1
16248,61,7,78,2
16249,52,67,950,2
16250,260,22,208,3
16252,365,21,-158,3
16253,31,115,3137,0
16255,16,146,1760,0
16256,257,13,577,3
16257,176,2,2,1
16258,44,111,2994,0
16260,50,18,311,2
16261,16,98,301,0
16262,360,3,-5,3
16265,8,164,2627,0
16266,73,44,398,2
16268,70,45,533,2
16270,352,54,688,3
16271,2,90,1023,0
16272,116,25,224,2
16274,372,64,153,3
16275,196,33,336,1
16276,176,6,420,1
16278,22,23,109,0
16279,20,104,1044,0
16281,71,17,934,2
16282,339,11,114,3
16283,5,117,1222,0
16284,30,87,535,0
16287,169,8,298,1
16292,116,17,188,2
16293,8,102,978,0
16295,9,70,841,0
16297,212,21,180,1
16298,22,22,198,0
16302,107,11,134,2
16303,25,119,2621,0
16305,138,22,256,1
16306,213,36,471,1
16308,37,1,8000,0
16309,91,39,465,2
16311,17,35,394,0
16313,2,16,165,0
16315,330,14,75,3
16316,63,121,1466,2
16317,119,64,890,2
16318,34,19,199,0
16319,217,3,72,1
16320,171,56,732,1
16321,71,7,78,2
16322,0,28,231,0
16323,195,1,50,1
16324,127,100,270,2
16325,43,14,164,0
16326,5,158,662,0
16327,13,142,2560,0
16330,17,39,145,0
16332,27,125,789,0
16333,7,9,32184,0
16337,36,10,87,0
16338,156,11,94,1
16339,283,17,21,3
16340,106,124,486,2
16341,24,60,1388,0
16342,74,10,157,2
16343,15,29,175,0
16344,157,1,18,1
16345,43,35,288,0
16347,10,61,341,0
16348,31,157,805,0
16349,290,9,9,3
16350,20,41,542,0
16351,332,8,90,3
16352,17,28,300,0
16353,3,51,2006,0
16354,62,38,150,2
16356,197,20,92,1
16357,32,31,246,0
16358,0,82,1301,0
16359,6,39,1154,0
16360,4,365,2094,0
16361,9,87,418,0
16362,31,58,314,0
16363,52,5,52,2
16364,11,48,279,0
16365,17,45,504,0
16366,18,18,256,0
16367,36,123,643,0
16368,1,58,251,0
16369,17,91,1030,0
16370,81,143,640,2
16372,32,86,158,0
16374,65,101,237,2
16376,8,104,686,0
16377,266,5,1500,3
16378,246,22,267,1
16379,3,87,1408,0
16380,60,28,1428,2
16383,74,80,467,2
16384,89,33,260,2
16385,59,52,258,2
16386,28,76,205,0
16387,322,4,44,3
16389,52,33,1230,2
16392,269,41,201,3
16393,1,121,1526,0
16394,49,61,2317,2
16395,60,150,1472,2
16398,144,75,745,1
16399,18,68,263,0
16400,94,28,172,2
16401,0,68,3858,0
16402,264,55,146,3
16403,301,10,103,3
16404,69,23,157,2
16405,301,3,187,3
16406,18,55,117,0
16407,12,99,1093,0
16409,35,145,1304,0
16411,18,41,131,0
16412,53,25,63,2
16413,56,30,148,2
16414,21,5,27,0
16415,43,45,178,0
16416,26,60,655,0
16418,44,76,280,0
16419,112,36,427,2
16422,16,72,32592,0
16423,24,18,230,0
16424,190,6,82,1
16425,301,21,199,3
16426,1,211,1215,0
16427,262,8,156,3
16428,80,1,-1,2
16429,105,2,9,2
16430,56,6,103,2
16431,212,51,442,1
16432,63,8,276,2
16433,27,17,106,0
16434,28,88,760,0
16438,5,74,463,0
16440,7,186,2018,0
16441,66,22,173,2
16442,1,161,443,0
16444,45,70,405,0
16445,33,62,111,0
16446,0,3,2,0
16447,135,34,221,1
16448,197,19,76,1
16449,190,40,359,1
16450,149,11,200,1
16451,87,14,120,2
16454,44,2,2,0
16455,63,69,988,2
16456,98,80,1147,2
16457,217,9,140,1
16458,2,52,2154,0
16460,27,128,876,0
16461,177,31,48,1
16462,63,1,12,2
16463,20,74,1135,0
16464,19,152,952,0
16466,33,103,785,0
16468,73,2,31,2
16469,23,148,260,0
16470,51,120,521,2
16471,274,13,141,3
16473,164,18,195,1
16474,6,237,884,0
16475,87,23,319,2
16477,63,111,1415,2
16478,24,15,224,0
16479,9,35,102,0
16480,75,51,455,2
16482,15,18,346,0
16483,191,19,44,1
16484,173,25,194,1
16485,76,41,235,2
16488,32,28,724,0
16491,46,39,478,0
16493,72,40,1113,2
16494,296,47,675,3
16495,2,78,328,0
16496,8,92,1091,0
16497,49,128,1396,0
16498,160,15,42,1
16499,359,20,122,3
16500,4,8,123,0
16503,106,71,567,2
16504,24,76,510,0
16505,31,4,576,0
16506,19,3,42,0
16509,296,13,64,3
16510,371,13,92,3
16511,21,135,405,0
16513,4,33,407,0
16515,51,89,826,2
16516,29,6,58,0
16517,276,17,96,3
16518,60,36,325,2
16519,24,13,54,0
16520,185,129,557,1
16523,1,151,4233,0
16525,1,75,6493,0
16526,171,15,106,1
16527,80,14,106,2
16528,3,17,171,0
16529,189,30,198,1
16531,21,68,915,0
16532,17,2,2016,0
16533,18,112,513,0
16535,4,31,356,0
16536,106,49,249,2
16539,2,36,477,0
16542,53,5,46,2
16545,164,3,78,1
16546,290,31,-303,3
16549,9,445,2294,0
16550,108,163,1526,2
16551,95,26,970,2
16552,242,17,219,1
16553,162,63,4595,1
16554,2,52,311,0
16555,34,15,175,0
16556,66,144,1890,2
16557,23,11,111,0
16558,0,264,5346,0
16560,20,53,498,0
16561,5,29,244,0
16563,53,19,486,2
16565,363,3,46,3
16566,14,14,361,0
16567,193,34,996,1
16569,2,5,93,0
16570,8,70,2050,0
16571,2,73,1176,0
16572,126,40,530,2
16573,73,40,354,2
16574,70,28,416,2
16579,364,1,-12,3
16581,154,9,122,1
16582,112,6,164,2
16583,373,14,111,3
16584,79,25,635,2
16586,248,8,95,1
16587,231,13,71,1
16589,70,31,368,2
16591,68,10,41,2
16592,3,142,2914,0
16593,50,24,116,2
16594,74,53,64,2
16595,60,83,335,2
16596,15,12,97,0
16597,3,7,184,0
16598,276,10,70,3
16600,3,50,1145,0
16601,40,29,133,0
16602,30,29,317,0
16603,74,34,480,2
16607,17,140,2822,0
16609,14,155,2410,0
16610,218,6,66,1
16611,185,10,46,1
16612,32,48,506,0
16613,69,30,293,2
16614,182,26,223,1
16616,14,31,370,0
16617,235,5,91,1
16618,30,79,1362,0
16619,253,14,129,3
16620,3,9,88,0
16621,51,22,302,2
16623,245,5,39,1
16624,80,44,488,2
16625,274,23,164,3
16626,0,86,2670,0
16627,78,20,162,2
16628,29,79,1202,0
16629,73,58,489,2
16633,16,115,1137,0
16634,222,9,82,1
16637,31,66,891,0
16638,22,92,1254,0
16639,24,48,503,0
16641,105,12,256,2
16642,4,32,478,0
16643,245,27,269,1
16644,177,62,826,1
16647,169,12,146,1
16648,38,19,269,0
16650,71,24,372,2
16652,53,75,3267,2
16653,15,67,723,0
16654,140,29,280,1
16655,17,208,2363,0
16656,21,14,8873,0
16657,9,158,1130,0
16658,367,8,40,3
16659,188,2,72,1
16660,15,16,451,0
16665,361,9,59,3
16666,18,32,233,0
16667,67,52,236,2
16668,14,9,318,0
16669,23,141,876,0
16670,16,179,2524,0
16671,27,3,875,0
16672,1,23,2812,0
16674,54,89,181,2
16676,33,75,631,0
16678,2,93,2368,0
16679,365,3,29,3
16680,42,10,94,0
16681,72,18,1407,2
16682,4,15,1040,0
16684,3,120,49390,0
16685,60,60,396,2
16686,46,406,1972,0
16688,0,52,804,0
16689,75,13,168,2
16690,43,10,137,0
16692,255,2,152,3
16693,68,58,203,2
16696,134,7,146,2
16697,240,20,27,1
16698,226,4,840,1
16700,8,159,4019,0
16701,8,99,6211,0
16705,0,135,5458,0
16706,36,108,249,0
16708,45,27,285,0
16709,84,64,851,2
16710,18,268,1823,0
16711,2,18,833,0
16712,8,259,1730,0
16713,18,339,4259,0
16714,218,77,587,1
16715,77,19,642,2
16716,266,1,44,3
16717,8,178,1562,0
16718,368,41,407,3
16719,14,108,1173,0
16720,25,25,180,0
16721,261,37,172,3
16722,16,96,4989,0
16723,90,37,398,2
16725,301,110,287,3
16726,25,121,945,0
16727,363,41,167,3
16728,45,218,671,0
16729,35,235,5708,0
16730,51,75,898,2
16732,31,28,317,0
16734,51,44,345,2
16735,78,88,1513,2
16737,52,1,288,2
16738,297,1,3,3
16739,171,13,169,1
16742,46,4,-189,0
16743,28,89,1998,0
16744,10,198,798,0
16745,86,148,6711,2
16746,4,234,4657,0
16747,24,34,577,0
16748,17,42,880,0
16750,44,74,214,0
16751,30,24,1031,0
16752,372,9,54,3
16753,57,34,189,2
16754,371,2,4280,3
16755,113,134,1052,2
16756,214,13,106,1
16757,318,7,81,3
16758,64,22,203,2
16759,7,40,608,0
16761,96,13,341,2
16762,19,51,480,0
16763,184,23,318,1
16764,3,209,1241,0
16765,293,1,4,3
16766,272,17,536,3
16767,30,148,4423,0
16768,47,47,191,0
16769,259,33,80,3
16770,57,116,444,2
16771,32,200,1487,0
16773,56,23,171,2
16774,67,36,318,2
16775,9,84,439,0
16776,59,61,254,2
16777,79,45,62,2
16778,73,16,194,2
16779,1,161,5212,0
16780,99,51,270,2
16781,364,17,111,3
16782,9,103,696,0
16784,19,3,24,0
16788,122,138,304,2
16789,7,5,32,0
16790,3,88,892,0
16791,28,218,753,0
16792,281,11,44,3
16793,56,16,146,2
16794,0,142,919,0
16795,364,64,239,3
16796,88,18,186,2
16800,10,148,524,0
16801,162,72,307,1
16803,64,24,245,2
16804,22,59,246,0
16805,173,94,539,1
16806,102,68,356,2
16807,142,57,778,1
16808,98,21,196,2
16809,22,79,651,0
16810,191,16,112,1
16811,4,26,477,0
16812,360,15,81,3
16813,7,248,1501,0
16814,13,122,2696,0
16816,102,28,274,2
16817,2,76,762,0
16818,10,172,2163,0
16820,95,26,307,2
16823,226,34,136,1
16824,15,23,236,0
16825,38,27,566,0
16826,50,22,158,2
16828,92,8,59,2
16829,156,11,99,1
16830,38,23,264,0
16832,183,11,33,1
16833,0,46,440,0
16834,227,24,358,1
16835,127,10,61,2
16836,39,11,165,0
16837,30,123,1562,0
16838,196,24,184,1
16839,8,117,8470,0
16841,36,101,2234,0
16842,63,45,692,2
16843,42,226,10154,0
16846,49,11,135,2
16847,42,12,78,0
16848,52,14,182,2
16849,186,8,33,1
16850,333,19,249,3
16851,3,17,271,0
16852,9,9,56,0
16855,23,19,164,0
16856,14,2,12,0
16858,365,9,83,3
16859,105,50,656,2
16861,59,8,133,2
16863,28,25,392,0
16866,140,10,60,1
16869,22,113,579,0
16871,21,131,1250,0
16872,76,5,600,2
16873,4,179,3825,0
16875,63,94,1044,2
16877,11,111,458,0
16878,24,3,0,0
16880,30,121,746,0
16881,66,1,600,2
16882,66,39,424,2
16883,186,33,103,1
16884,37,26,320,0
16885,14,82,178,0
16887,34,35,156,0
16889,194,112,925,1
16891,1,166,265,0
16892,0,88,232,0
16893,366,44,62,3
16895,64,57,91,2
16897,298,37,58,3
16898,25,151,379,0
16899,7,80,520,0
16900,11,79,723,0
16902,115,43,629,2
16903,28,50,247,0
16904,3,387,1984,0
16905,4,117,1380,0
16906,81,74,263,2
16907,28,89,286,0
16909,63,18,434,2
16910,3,318,884,0
16912,22,89,1010,0
16913,289,8,82,3
16914,35,25,112,0
16915,8,46,132,0
16916,23,129,431,0
16917,276,9,232,3
16918,49,97,708,0
16919,155,141,1403,1
16921,60,50,154,2
16923,11,316,3110,0
16924,20,69,454,0
16926,370,14,35,3
16927,115,5,993,2
16928,79,72,2072,2
16929,3,51,929,0
16930,25,47,339,0
16931,4,448,3134,0
16932,52,44,82,2
16933,0,44,281,0
16934,54,59,397,2
16936,25,56,171,0
16938,8,212,1018,0
16940,51,226,2169,0
16942,12,159,801,0
16943,211,23,145,1
16945,21,137,2725,0
16947,235,21,312,1
16948,138,15,1614,1
16949,3,57,790,0
16950,56,39,644,2
16951,122,73,1306,2
16952,108,16,92,2
16953,29,1,10,0
16954,0,40,1054,0
16955,184,18,246,1
16956,8,16,112,0
16957,238,15,172,1
16959,86,7,49,2
16960,38,92,304,0
16961,115,14,125,2
16963,186,7,35,1
16965,226,26,291,1
16966,7,9,1978,0
16967,188,21,333,1
16968,3,31,326,0
16969,38,42,816,0
16971,2,41,71,0
16976,266,2,88,3
16978,77,39,166,2
16979,3,64,860,0
16980,254,71,739,3
16982,60,22,182,2
16983,12,112,1322,0
16984,77,354,2365,2
16985,16,62,1830,0
16986,29,3,1040,0
16987,2,74,401,0
16988,4,7,43,0
16989,6,7,1233,0
16990,218,1,100,1
16992,10,85,857,0
16995,371,1,-1,3
16996,29,14,534,0
16997,287,7,360,3
16998,149,2,73,1
16999,22,21,294,0
17001,0,75,2164,0
17002,72,41,678,2
17004,45,38,771,0
17006,4,37,272,0
17007,50,50,587,2
17010,16,11,116,0
17011,29,15,186,0
17014,7,63,238,0
17015,28,182,1978,0
17017,2,88,6613,0
17018,40,15,176,0
17019,10,166,820,0
17022,30,7,108,0
17024,44,2,69,0
17025,60,8,235,2
17026,184,4,97,1
17027,78,110,410,2
17029,110,1,400,2
17030,63,11,146,2
17031,11,19,235,0
17033,85,24,750,2
17034,15,28,406,0
17035,245,27,201,1
17037,77,75,652,2
17038,29,22,28,0
17040,137,15,181,1
17041,26,59,923,0
17042,2,74,990,0
17043,31,100,998,0
17044,8,8,487,0
17045,112,20,106,2
17046,156,22,510,1
17047,84,59,533,2
17048,114,41,474,2
17049,2,201,2666,0
17050,95,169,1595,2
17051,193,40,179,1
17052,27,72,251,0
17053,128,13,121,2
17054,27,64,802,0
17058,81,51,592,2
17059,29,292,1850,0
17060,265,5,216,3
17061,73,57,1484,2
17062,313,53,416,3
17063,8,66,763,0
17064,58,53,316,2
17065,142,1,-1,1
17068,11,116,2154,0
17069,27,111,1482,0
17070,113,62,131,2
17071,8,102,1182,0
17073,17,142,759,0
17075,17,62,289,0
17076,35,17,295,0
17078,35,28,788,0
17079,77,2,24,2
17080,21,8,164,0
17081,24,55,77,0
17082,32,75,1049,0
17083,108,24,772,2
17084,34,146,1702,0
17085,122,116,783,2
17086,6,76,1859,0
17088,27,96,868,0
17090,3,45,902,0
17091,2,119,1743,0
17092,49,99,1130,0
17094,317,14,148,3
17095,21,70,613,0
17096,8,46,332,0
17097,1,153,457,0
17100,17,65,800,0
17101,9,28,815,0
17102,261,1,2,3
17105,158,80,693,1
17107,32,269,4526,0
17109,28,107,572,0
17110,164,12,50,1
17111,46,29,282,0
17114,5,85,206,0
17115,7,33,368,0
17117,287,9,68,3
17118,317,10,154,3
17119,2,35,327,0
17120,232,18,120,1
17122,118,7,80,2
17123,161,9,246,1
17124,184,31,129,1
17125,49,34,281,2
17126,151,189,778,1
17128,334,14,76,3
17131,4,78,983,0
17133,15,13,2730,0
17134,106,21,98,2
17135,15,34,1224,0
17138,275,24,126,3
17139,15,309,5157,0
17140,246,16,296,1
17142,238,15,81,1
17144,0,42,483,0
17146,105,33,212,2
17147,22,70,878,0
17148,51,9,82,2
17152,194,9,477,1
17153,23,14,104,0
17154,74,23,490,2
17155,17,19,242,0
17157,7,11,169,0
17158,31,53,778,0
17159,21,96,1110,0
17160,30,111,2856,0
17162,28,81,1000,0
17163,21,3,66,0
17164,32,92,1500,0
17165,283,10,100,3
17166,38,11,75,0
17169,49,51,519,2
17171,288,16,185,3
17172,74,16,479,2
17173,4,36,1121,0
17174,217,4,41,1
17175,43,42,865,0
17176,201,15,170,1
17179,177,56,290,1
17180,55,91,667,2
17181,56,23,241,2
17183,7,42,1264,0
17186,46,1,200,0
17187,226,10,144,1
17188,10,71,1301,0
17189,105,52,226,2
17190,58,19,160,2
17191,27,163,1166,0
17193,35,17,1238,0
17194,273,26,119,3
17197,29,29,191,0
17198,23,89,357,0
17201,53,38,231,2
17203,35,116,2846,0
17204,168,47,589,1
17205,53,13,884,2
17206,52,7,76,2
17211,26,150,1310,0
17212,252,4,147,3
17213,39,85,1167,0
17214,59,79,271,2
17217,233,9,24,1
17218,3,146,955,0
17219,31,24,89,0
17220,23,303,1897,0
17221,6,59,287,0
17222,64,27,122,2
17223,309,43,110,3
17226,308,21,406,3
17227,18,28,741,0
17228,15,140,1532,0
17229,95,39,185,2
17230,263,51,1553,3
17231,11,294,1718,0
17232,2,30,202,0
17233,34,25,131,0
17234,182,14,55,1
17235,24,24,224,0
17236,12,88,474,0
17237,10,18,105,0
17238,2,297,1807,0
17239,312,15,149,3
17242,107,30,611,2
17243,0,180,3312,0
17244,52,31,616,2
17245,204,9,75,1
17247,14,53,105,0
17248,119,68,213,2
17250,3,55,167,0
17251,362,37,108,3
17252,116,86,192,2
17253,17,18,43,0
17254,4,100,251,0
17255,40,69,227,0
17256,106,12,141,2
17259,147,104,388,1
17262,51,9,367,2
17263,207,23,36,1
17265,138,106,389,1
17266,1,60,153,0
17267,126,37,158,2
17268,107,3,844,2
17272,41,70,1776,0
17274,34,24,77,0
17277,227,67,430,1
17278,240,15,179,1
17279,57,8,48,2
17282,129,79,1866,2
17284,59,229,1360,2
17286,21,44,117,0
17287,25,88,556,0
17288,8,118,1201,0
17289,31,86,512,0
17290,3,92,397,0
17291,307,1,72,3
17293,7,93,1135,0
17295,28,53,293,0
17297,16,49,65,0
17298,100,30,387,2
17299,11,50,668,0
17301,20,59,137,0
17302,14,68,573,0
17303,360,53,144,3
17306,10,13,11470,0
17307,364,1,-144,3
17309,94,11,41,2
17311,77,55,1005,2
17312,138,11,372,1
17313,17,24,1382,0
17314,24,120,1884,0
17315,0,259,3831,0
17317,45,8,1074,0
17320,99,57,634,2
17321,7,94,364,0
17323,14,125,754,0
17324,17,43,843,0
17325,279,6,60,3
17329,13,29,142,0
17330,22,5,120,0
17331,123,1,16,2
17333,85,28,375,2
17334,300,11,314,3
17337,150,421,1218,1
17338,16,390,3054,0
17339,93,9,152,2
17340,8,231,5902,0
17341,156,147,443,1
17343,354,17,56,3
17344,45,31,65,0
17345,14,70,341,0
17346,3,299,1599,0
17347,85,1,216,2
17348,14,180,1398,0
17349,178,8,102,1
17350,7,66,734,0
17351,35,22,113,0
17353,128,5,1200,2
17354,50,15,1006,2
17356,311,19,166,3
17357,23,41,152,0
17358,302,55,190,3
17359,10,13,161,0
17360,16,113,328,0
17361,48,26,157,2
17362,238,30,191,1
17364,0,288,2671,0
17365,12,278,4749,0
17367,237,33,149,1
17368,22,93,666,0
17370,72,31,540,2
17371,16,83,151,0
17372,40,215,747,0
17373,39,47,408,0
17374,218,24,85,1
17375,189,65,361,1
17376,70,23,86,2
17377,23,191,2037,0
17379,10,71,623,0
17381,8,40,25646,0
17382,64,2,25,2
17383,3,49,148,0
17384,18,12,88,0
17385,14,42,197,0
17386,7,23,1902,0
17387,19,71,522,0
17388,77,13,1068,2
17389,0,48,7430,0
17391,163,2,480,1
17392,306,53,277,3
17394,218,4,241,1
17396,38,24,2005,0
17397,21,88,250,0
17398,114,30,310,2
17400,125,175,1088,2
17402,4,33,701,0
17403,35,32,111,0
17404,3,111,32324,0
17405,0,77,705,0
17406,329,99,777,3
17408,162,2,3,1
17409,184,13,105,1
17410,15,57,616,0
17411,11,41,298,0
17412,2,48,738,0
17414,43,5,2100,0
17415,79,14,114,2
17416,29,186,4266,0
17418,41,29,289,0
17419,10,155,1872,0
17420,49,28,265,2
17422,15,93,2195,0
17423,44,26,421,0
17425,18,42,407,0
17426,3,179,3082,0
17427,71,2,34,2
17428,0,255,9435,0
17429,120,36,616,2
17430,32,14,190,0
17431,312,41,292,3
17432,17,44,207,0
17433,87,53,185,2
17434,1,100,1685,0
17436,1,7,90,0
17438,246,17,100,1
17440,147,3,232,1
17442,28,97,1490,0
17443,219,1,504,1
17444,147,132,2119,1
17446,176,6,198,1
17447,39,33,443,0
17448,144,1,-1,1
17449,1,178,1114,0
17450,7,127,69009,0
17451,0,83,1178,0
17453,17,19,219,0
17454,191,57,243,1
17455,203,8,66,1
17456,364,17,222,3
17457,126,14,826,2
17458,14,52,170,0
17459,42,88,537,0
17460,78,18,176,2
17461,22,104,770,0
17462,50,25,224,2
17463,15,162,1081,0
17464,157,9,220,1
17466,9,41,306,0
17468,9,5,116,0
17469,15,61,778,0
17470,44,67,1675,0
17472,190,142,455,1
17475,78,14,178,2
17480,73,29,336,2
17481,3,69,1060,0
17483,64,18,191,2
17486,260,24,191,3
17489,58,28,428,2
17490,0,64,1021,0
17491,0,72,2012,0
17492,247,12,155,1
17495,7,21,229,0
17496,358,10,79,3
17498,75,17,394,2
17499,289,40,711,3
17500,16,3,17,0
17501,220,18,160,1
17502,8,25,376,0
17503,2,36,486,0
17504,205,112,1456,1
17505,161,48,556,1
17506,69,14,136,2
17507,261,79,359,3
17508,280,22,289,3
17509,57,75,3508,2
17510,24,20,214,0
17511,2,467,63012,0
17512,28,61,2752,0
17513,71,6,254,2
17514,127,40,135,2
17515,30,49,243,0
17516,14,113,414,0
17517,308,11,102,3
17519,16,60,1233,0
17520,53,30,365,2
17521,23,38,518,0
17522,1,59,1034,0
17523,10,25,872,0
17524,360,6,90,3
17525,359,9,82,3
17526,0,17,257,0
17527,53,45,463,2
17528,0,183,2130,0
17530,0,306,1514,0
17531,120,15,135,2
17534,53,9,103,2
17535,279,13,136,3
17536,176,3,6,1
17537,29,74,699,0
17538,25,9,134,0
17540,8,20,193,0
17542,269,24,134,3
17545,42,122,337,0
17547,371,2,-4,3
17548,217,12,-132,1
17549,23,5,210,0
17550,196,42,86,1
17551,358,39,142,3
17552,42,45,708,0
17553,129,2,1048,2
17554,0,58,1763,0
17555,19,101,348,0
17556,205,6,101,1
17557,13,27,306,0
17560,94,22,651,2
17561,18,44,144,0
17562,13,48,813,0
17564,23,38,146,0
17566,7,113,497,0
17567,6,110,2428,0
17569,331,29,159,3
17571,49,247,876,0
17572,70,7,95,2
17573,28,24,302,0
17574,242,8,77,1
17576,7,245,1927,0
17578,190,5,90,1
17579,4,46,256,0
17580,252,43,88,3
17581,0,231,5849,0
17582,235,28,123,1
17584,6,30,446,0
17585,108,176,1650,2
17588,99,19,676,2
17589,59,172,1631,2
17590,1,162,822,0
17591,72,81,999,2
17593,3,190,3083,0
17594,84,42,550,2
17595,11,68,228,0
17596,22,168,4376,0
17597,213,55,1176,1
17600,17,13,144,0
17601,238,9,103,1
17602,1,335,4100,0
17603,49,12,-31,2
17604,216,57,169,1
17608,32,54,229,0
17609,40,199,717,0
17611,3,440,2542,0
17612,52,117,1787,2
17613,22,211,2464,0
17614,56,97,235,2
17615,129,13,140,2
17616,173,1,224,1
17618,5,56,319,0
17619,311,71,124,3
17620,59,4,60,2
17621,20,25,510,0
17623,32,33,265,0
17624,14,49,554,0
17625,17,223,1180,0
17628,80,5,79,2
17629,5,106,1621,0
17630,169,24,158,1
17631,1,39,334,0
17633,30,60,630,0
17634,35,209,838,0
17636,8,20,176,0
17637,30,35,280,0
17639,275,7,49,3
17640,86,5,250,2
17642,119,34,474,2
17643,372,8,71,3
17644,0,103,1741,0
17646,218,46,320,1
17647,64,7,30,2
17648,60,81,486,2
17649,134,52,398,2
17650,20,8,150,0
17651,11,149,3100,0
17652,24,118,2479,0
17653,28,44,1401,0
17654,276,22,41,3
17655,10,66,956,0
17656,72,67,1399,2
17658,10,17,522,0
17659,3,127,1486,0
17660,140,37,121,1
17663,25,63,793,0
17664,18,41,604,0
17666,3,14,596,0
17667,65,85,1037,2
17668,0,14,93,0
17669,42,45,1916,0
17670,227,11,110,1
17671,15,40,659,0
17672,43,105,1672,0
17673,0,118,1460,0
17674,73,19,672,2
17675,0,240,8278,0
17676,3,50,921,0
17677,1,179,9722,0
17678,263,16,207,3
17679,52,29,729,2
17680,23,11,96,0
17682,9,48,1365,0
17684,43,15,145,0
17685,16,88,1907,0
17686,6,205,2478,0
17690,29,186,1763,0
17691,357,18,134,3
17692,126,34,666,2
17693,135,16,229,1
17694,141,15,184,1
17695,131,30,779,2
17696,37,79,1730,0
17697,235,19,93,1
17698,260,8,93,3
17700,16,118,1261,0
17701,252,24,109,3
17702,29,62,1320,0
17703,34,47,590,0
17704,168,27,343,1
17705,2,63,957,0
17706,3,270,3833,0
17707,184,3,144,1
17708,187,28,90,1
17709,169,7,17,1
17711,10,22,246,0
17712,44,29,215,0
17714,320,10,92,3
17715,200,1,384,1
17716,22,172,3004,0
17718,231,6,83,1
17719,37,111,2455,0
17720,25,39,576,0
17722,95,112,1572,2
17723,126,4,792,2
17724,57,38,289,2
17725,15,115,2141,0
17727,8,66,639,0
17728,3,154,1464,0
17730,2,127,3567,0
17731,78,54,392,2
17732,372,18,93,3
17733,38,33,463,0
17734,53,40,422,2
17735,1,319,8439,0
17736,8,24,237,0
17737,8,8,108,0
17738,18,89,1027,0
17739,11,29,856,0
17742,112,13,89,2
17744,3,111,3376,0
17746,234,6,26,1
17747,99,1,11,2
17749,177,33,320,1
17750,4,101,3747,0
17752,358,1,192,3
17754,0,82,1767,0
17757,0,275,3314,0
17758,18,310,2054,0
17759,16,82,697,0
17760,21,25,239,0
17761,32,19,398,0
17763,262,1,12,3
17764,50,71,351,2
17765,158,51,143,1
17767,14,21,128,0
17768,7,77,1122,0
17769,12,200,1845,0
17770,198,33,365,1
17771,56,51,287,2
17772,10,50,55,0
17774,96,124,507,2
17775,254,3,72,3
17777,24,141,501,0
17779,20,73,393,0
17781,158,12,34,1
17783,71,67,354,2
17785,52,13,67,2
17786,84,57,195,2
17787,152,94,896,1
17788,73,3,211,2
17789,280,14,74,3
17790,26,121,835,0
17791,29,10,46,0
17793,24,49,226,0
17795,179,43,305,1
17796,39,63,176,0
17797,21,102,498,0
17799,21,280,1750,0
17800,36,51,732,0
17802,81,105,743,2
17805,73,10,478,2
17806,10,43,727,0
17809,15,47,2015,0
17811,3,359,4097,0
17812,12,113,329,0
17813,13,297,739,0
17816,36,16,30,0
17817,3,32,67,0
17819,71,36,1027,2
17820,190,5,-5,1
17824,50,13,408,2
17827,4,190,1240,0
17828,8,54,641,0
17829,298,30,496,3
17830,1,18,92,0
17831,32,2,12,0
17832,49,61,208,2
17835,2,45,344,0
17836,46,23,88,0
17837,41,110,507,0
17838,26,96,1397,0
17839,41,50,257,0
17841,1,1331,22628,0
17843,302,36,113,3
17844,106,5,52,2
17846,84,1,1,2
17848,80,41,398,2
17849,217,14,114,1
17850,301,24,1696,3
17852,11,21,53,0
17854,184,15,84,1
17855,372,17,197,3
17856,1,12,826,0
17857,2,19,19086,0
17858,5,101,2694,0
17859,304,23,102,3
17860,368,49,93,3
17861,2,172,1965,0
17862,323,11,100,3
17863,58,110,2638,2
17864,12,70,706,0
17865,30,191,5698,0
17866,142,9,173,1
17867,29,62,219,0
17869,106,37,111,2
17870,1,214,1350,0
17871,204,10,182,1
17873,79,24,987,2
17874,184,37,209,1
17877,169,12,98,1
17878,43,26,401,0
17879,173,6,45,1
17880,364,26,314,3
17881,303,8,32,3
17883,2,133,374,0
17884,3,107,817,0
17885,11,50,110,0
17886,31,93,469,0
17887,128,10,30,2
17888,18,60,424,0
17889,211,20,77,1
17890,322,88,402,3
17891,161,34,393,1
17892,55,27,109,2
17893,224,15,149,1
17894,71,127,404,2
17895,43,15,127,0
17896,22,2,288,0
17897,172,100,216,1
17898,84,27,190,2
17899,158,29,170,1
17900,164,4,1,1
17901,28,19,24,0
17904,20,33,58,0
17905,70,33,406,2
17906,246,12,26,1
17908,373,51,169,3
17911,8,39,223,0
17912,309,35,182,3
17913,58,55,288,2
17914,3,72,457,0
17917,44,77,184,0
17919,87,23,756,2
17920,3,407,2473,0
17921,63,114,425,2
17923,281,1,50,3
17924,0,27,1141,0
17925,372,1,72,3
17926,132,17,306,2
17928,44,23,140,0
17929,10,4,107,0
17930,35,26,1594,0
17931,133,63,249,2
17932,28,84,789,0
17934,51,21,478,2
17935,137,28,82,1
17936,4,68,257,0
17937,8,19,1754,0
17939,159,12,40,1
17940,48,8,9319,2
17941,130,2,252,2
17942,7,2,38,0
17946,232,18,75,1
17947,36,9,168,0
17948,146,1,144,1
17949,0,29,27571,0
17950,71,63,342,2
17951,39,18,610,0
17954,4,327,2216,0
17955,198,14,273,1
17956,248,1,1,1
17957,65,31,287,2
17958,116,7,84,2
17960,170,26,41,1
17961,20,211,560,0
17962,141,33,127,1
17964,31,84,294,0
17965,37,274,1532,0
17966,37,53,2571,0
17967,371,41,73,3
17968,373,74,151,3
17969,165,14,152,1
17970,210,27,513,1
17972,241,30,36,1
17973,51,15,176,2
17974,24,143,500,0
17975,14,189,1549,0
17976,371,56,93,3
17977,28,19,342,0
17978,364,12,499,3
17979,35,116,381,0
17980,165,23,682,1
17984,144,48,98,1
17985,21,20,171,0
17986,55,1,10,2
17987,184,13,261,1
17988,11,37,42,0
17990,236,27,414,1
17991,224,4,25,1
17994,121,63,471,2
17995,281,2,133,3
17997,73,134,2053,2
17999,36,87,219,0
18001,11,56,362,0
18004,361,32,75,3
18005,3,52,86,0
18006,22,21,220,0
18008,69,24,1581,2
18009,234,31,123,1
18010,256,14,60,3
18011,372,28,71,3
18013,154,31,285,1
18014,27,29,66,0
18015,3,46,157,0
18016,31,90,1027,0
18017,80,1,300,2
18018,107,29,55,2
18019,51,5,7,2
18022,35,141,703,0
18024,152,21,148,1
18027,98,21,78,2
18030,3,8,66,0
18032,333,5,42,3
18033,64,32,252,2
18034,21,99,559,0
18035,35,44,584,0
18036,31,77,232,0
18037,153,19,20,1
18040,18,18,148,0
18041,11,285,3749,0
18042,53,7,33,2
18043,24,106,265,0
18044,3,88,1032,0
18045,44,43,138,0
18048,202,6,127,1
18050,358,5,40,3
18053,65,20,301,2
18055,6,223,2447,0
18056,287,19,211,3
18058,9,3,88,0
18059,8,17,258,0
18061,21,18,955,0
18062,172,23,396,1
18064,132,7,384,2
18065,5,110,1024,0
18066,74,10,108,2
18067,39,36,189,0
18068,288,1,6,3
18069,25,334,1293,0
18071,257,23,260,3
18072,154,20,46,1
18073,113,23,3092,2
18074,373,13,190,3
18075,22,97,1437,0
18077,7,101,1839,0
18078,216,27,145,1
18079,44,99,7347,0
18080,18,2,642,0
18081,35,14,195,0
18082,25,62,608,0
18084,15,2,311,0
18085,329,25,265,3
18086,273,7,106,3
18087,97,7,3571,2
18088,60,35,107,2
18092,1,28,4250,0
18093,92,31,1381,2
18094,81,39,2518,2
18095,312,20,419,3
18096,11,157,788,0
18097,7,66,1661,0
18099,126,19,149,2
18101,10,37,87,0
18102,0,151,64122,0
18104,36,38,362,0
18105,37,18,46,0
18106,329,33,126,3
18108,248,17,82,1
18109,1,120,4212,0
18110,18,33,65,0
18112,11,26,255,0
18113,368,1,72,3
18114,289,28,55,3
18116,67,230,837,2
18117,25,68,605,0
18118,10,424,2860,0
18119,367,29,124,3
18120,213,17,31,1
18121,148,28,438,1
18122,7,239,1225,0
18123,23,31,582,0
18125,29,164,799,0
18126,60,52,135,2
18127,18,41,187,0
18129,242,13,48,1
18130,8,58,817,0
18133,210,2,0,1
18135,28,11,349,0
18136,62,34,373,2
18138,294,8,38,3
18139,16,36,5461,0
18141,360,1,-12,3
18142,150,9,1273,1
18143,116,59,570,2
18144,7,27,1343,0
18145,12,174,2625,0
18146,140,10,153,1
18147,45,7,203,0
18149,50,11,310,2
18150,31,29,332,0
18151,134,38,355,2
18154,2,15,255,0
18155,74,19,258,2
18156,12,100,283,0
18158,8,24,353,0
18159,300,23,139,3
18160,56,37,294,2
18161,9,49,810,0
18164,30,24,183,0
18165,176,10,254,1
18167,3,25,359,0
18168,175,101,583,1
18169,60,9,61,2
18170,32,29,409,0
18171,58,43,477,2
18172,14,101,3170,0
18173,86,23,1220,2
18174,6,1,50,0
18176,353,30,279,3
18177,30,53,704,0
18178,113,80,979,2
18179,8,86,1360,0
18180,4,108,1721,0
18181,23,40,133,0
18183,217,36,362,1
18184,14,1,60,0
18185,248,17,183,1
18188,14,63,1167,0
18189,77,65,564,2
18190,191,14,139,1
18191,261,7,140,3
18192,71,45,339,2
18193,150,17,120,1
18194,63,7,448,2
18196,94,131,431,2
18198,3,81,3839,0
18200,105,29,104,2
18202,199,55,581,1
18203,156,19,43,1
18204,70,159,1188,2
18205,35,30,192,0
18209,28,8,58,0
18210,1,109,1398,0
18211,25,37,359,0
18212,325,30,92,3
18213,236,15,232,1
18215,88,13,118,2
18216,30,26,200,0
18217,28,27,491,0
18218,205,17,498,1
18219,2,58,883,0
18220,219,2,282,1
18221,21,59,789,0
18222,92,19,335,2
18223,1,119,2890,0
18224,263,10,69,3
18225,2,151,3204,0
18226,38,141,3459,0
18227,217,5,21,1
18228,49,23,236,2
18229,11,66,2488,0
18230,8,32,1298,0
18231,191,106,806,1
18232,81,31,299,2
18233,325,1,4,3
18235,71,100,1578,2
18236,29,42,403,0
18237,2,40,622,0
18239,218,80,795,1
18240,45,6,126,0
18241,9,60,1047,0
18242,71,72,1017,2
18245,6,155,1781,0
18246,23,3,166,0
18248,113,39,501,2
18249,16,8,128,0
18250,300,21,198,3
18251,86,16,7824,2
18252,50,90,234,2
18255,88,6,74,2
18256,354,4,-70,3
18257,38,98,1010,0
18259,24,27,714,0
18260,172,86,1466,1
18261,42,19,146,0
18262,139,13,182,1
18263,22,59,1467,0
18265,71,44,311,2
18268,133,1,0,2
18269,357,7,70,3
18270,37,12,97,0
18272,2,99,2044,0
18273,1,1,80,0
18274,17,11,0,0
18276,20,14,184,0
18277,57,9,67,2
18278,73,9,66,2
18280,277,10,45,3
18281,180,7,54,1
18282,7,12,98,0
18283,3,263,1357,0
18287,42,59,1586,0
